날짜,시가,고가,저가,종가,거래량,거래대금,상장시가총액,MA_20,RSI_14,BBL_20_2.0,BBM_20_2.0,BBU_20_2.0,BBB_20_2.0,BBP_20_2.0
2020-01-02,3486.54,3491.3,3440.71,3451.53,13138326,64701746569,23799296187246,,,,,,,
2020-01-03,3462.36,3477.37,3422.79,3432.8,16475883,68509499481,23669887167780,,,,,,,
2020-01-06,3413.68,3430.91,3390.26,3392.04,15833031,60146043572,23387435985144,,,,,,,
2020-01-07,3397.85,3430.83,3393.08,3415.64,9688466,56300553652,23549745321852,,,,,,,
2020-01-08,3374.21,3387.04,3328.96,3348.33,19965280,78626245173,23084868078446,,,,,,,
2020-01-09,3361.52,3385.77,3342.89,3364.33,13664720,81919652736,23197995863517,,,,,,,
2020-01-10,3358.54,3365.02,3337.74,3355.28,10497957,67386389506,23135956923723,,,,,,,
2020-01-13,3360.59,3422.56,3360.23,3410.07,16945761,67007389719,23511370247816,,,,,,,
2020-01-14,3431.33,3452.09,3419.18,3451.67,11395484,67282059156,23796719894909,,,,,,,
2020-01-15,3456.38,3514.37,3440.84,3512.0,30308291,128615303953,24210909794260,,,,,,,
2020-01-16,3509.83,3531.84,3492.25,3512.6,9927375,64815664704,24216653654020,,,,,,,
2020-01-17,3509.86,3551.03,3509.86,3531.41,8674390,68712426412,24344687706231,,,,,,,
2020-01-20,3534.71,3551.35,3494.72,3496.19,11017459,83422363534,24101005206081,,,,,,,
2020-01-21,3502.08,3515.2,3481.73,3486.48,10817286,62047706647,24035403359713,,,,,,,
2020-01-22,3493.45,3516.85,3477.5,3501.86,9369727,56624723190,24140901649682,,59.98853378473863,,,,,
2020-01-23,3482.84,3486.87,3463.87,3477.3,5881988,50731600375,23973454412755,,54.266500558197365,,,,,
2020-01-28,3417.01,3427.97,3356.73,3366.48,20939649,118594152164,23207665911656,,37.07976031944875,,,,,
2020-01-29,3382.03,3394.37,3338.22,3375.35,11741190,81061284591,23267204632547,,38.75179476844928,,,,,
2020-01-30,3375.95,3394.62,3324.34,3330.29,10358041,55735380598,22956929918895,,33.833109661568166,,,,,
2020-01-31,3341.51,3361.74,3295.05,3295.05,13902461,81110528873,22716584220724,3425.335,30.565582060483074,3288.8844805433123,3425.335,3561.785519456688,7.9671342777677365,0.022592510022085163
2020-02-03,3274.18,3327.42,3248.37,3319.75,164113753,247901415841,22882629924556,3418.746,35.28337570598086,3275.4369374254375,3418.746,3562.0550625745627,8.383720965205525,0.1546066305175459
2020-02-04,3308.27,3341.3,3296.12,3310.42,40466769,94663614950,22821970874543,3412.6269999999995,34.334383236673276,3261.978003176257,3412.6269999999995,3563.275996823742,8.82891665709393,0.16077769465806527
2020-02-05,3321.45,3342.98,3304.28,3319.99,33566187,124797374844,22887285890050,3409.0244999999995,36.229040104582026,3253.2208862453763,3409.0244999999995,3564.828113754623,9.140656733597735,0.21427331544369338
2020-02-06,3364.68,3419.15,3359.84,3401.76,12969734,99863961154,23448522759372,3408.3305,49.607964155365,3252.5272871351817,3408.3305,3564.1337128648183,9.142494418591056,0.47891410620106833
2020-02-07,3405.48,3419.03,3363.01,3377.35,34216636,128325381379,23281830243418,3409.7814999999996,46.47350829841443,3255.7095498890208,3409.7814999999996,3563.8534501109784,9.037057073069278,0.39475209479519435
2020-02-10,3357.66,3382.42,3330.74,3371.69,142367877,213772694683,23244857195274,3410.1495000000004,45.751651805945556,3256.478914594075,3410.1495000000004,3563.820085405926,9.012542435803796,0.3748638202346648
2020-02-11,3412.37,3435.5,3407.15,3428.7,22751520,113189753389,23637332361119,3413.8205000000003,53.57382774175095,3262.0725653880263,3413.8205000000003,3565.568434611974,8.890211691679392,0.5490270264239414
2020-02-12,3447.94,3487.7,3435.07,3486.07,20783039,143207860792,24032310688347,3417.6205,59.848128665308224,3262.6661181355303,3417.6205,3572.5748818644697,9.067968890312411,0.7208698430350594
2020-02-13,3506.57,3527.98,3485.65,3494.45,19918476,160580557697,24094919027086,3419.7595,60.68395517114531,3261.8315420603117,3419.7595,3577.6874579396886,9.236202600778705,0.7364701632769908
2020-02-14,3492.12,3506.78,3472.6,3487.08,54810761,227910015910,24046271135872,3418.5135,59.51064414451222,3263.1436901558736,3418.5135,3573.8833098441264,9.089904711163282,0.7206558020145251
2020-02-17,3493.1,3522.48,3474.7,3502.0,22568185,107635129426,24143560143714,3417.9835,61.14834586703961,3263.833574761614,3417.9835,3572.133425238386,9.019933843354481,0.7725155392390636
2020-02-18,3477.15,3477.15,3438.56,3450.55,14597109,75180476331,23790900890752,3413.9404999999997,53.16282533042206,3267.8726484412123,3413.9404999999997,3560.008351558787,8.557141025673262,0.6253167607016743
2020-02-19,3471.34,3502.48,3451.88,3495.25,14348359,118119119322,24095867950256,3413.8934999999997,58.26259737334162,3267.930972853475,3413.8934999999997,3559.8560271465244,8.551088494501938,0.7786896801201943
2020-02-20,3489.51,3495.38,3435.54,3440.51,59256020,178391952178,23722830242653,3411.595,50.94684020936465,3268.864994254887,3411.595,3554.325005745113,8.367347574674778,0.6012926463817173
2020-02-21,3420.88,3445.9,3404.02,3406.47,29203923,132505539395,23488572691927,3406.8255,46.99507420448996,3270.236477384711,3406.8255,3543.4145226152887,8.018551147705614,0.4986986509120817
2020-02-24,3414.71,3436.92,3336.78,3338.99,218619381,539423455880,23027452499018,3399.91,40.318567802290964,3264.2919166925003,3399.91,3535.5280833074994,7.97774548782171,0.2753986838839535
2020-02-25,3367.22,3373.25,3319.6,3355.26,1013703172,1033221457660,23137369189387,3399.3489999999997,42.44181794061305,3263.0910932349248,3399.3489999999997,3535.6069067650747,8.016705949584756,0.3382148931877611
2020-02-26,3354.98,3379.3,3325.03,3344.25,289877454,331006841089,23064398408147,3397.7940000000003,41.369251902271166,3259.777571209802,3397.7940000000003,3535.810428790199,8.123884425612527,0.3060230927964611
2020-02-27,3334.54,3346.52,3281.91,3295.29,55536313,150642099760,22725062190336,3396.0440000000003,36.903116542096015,3253.8246601899737,3396.0440000000003,3538.263339810027,8.375588762102414,0.14577953977783456
2020-02-28,3255.34,3259.41,3161.08,3178.68,58093112,248712578356,21919367880270,3390.2254999999996,28.900404284806392,3224.3930998515366,3390.2254999999996,3556.0579001484625,9.782971672442615,-0.1378292173622636
2020-03-02,3196.99,3215.47,3142.51,3191.31,54552388,208930329772,22006484451037,3383.8034999999995,30.654466090201147,3198.7209978259693,3383.8034999999995,3568.8860021740297,10.9393173790399,-0.02002079542614175
2020-03-03,3232.03,3241.51,3185.38,3189.77,80002625,139764145922,21997190007948,3377.7709999999997,30.555481191778902,3176.369062084795,3377.7709999999997,3579.1729379152043,11.925138673711428,0.03326913845498098
2020-03-04,3212.86,3294.28,3204.3,3288.72,55111711,134555871284,22676402223758,3376.2074999999995,43.23816996791863,3172.562588953836,3376.2074999999995,3579.852411046163,12.063530517372737,0.2851959581249553
2020-03-05,3294.62,3328.86,3272.68,3327.32,53795578,120016662613,22940663065924,3372.4855,47.2828266825801,3168.1249163763473,3372.4855,3576.8460836236522,12.119286124352648,0.38949556905950183
2020-03-06,3288.54,3306.39,3269.93,3306.39,68325637,131591627169,22797006977259,3368.9375,45.394007392364905,3162.5837133252703,3368.9375,3575.2912866747297,12.250377852051557,0.34844596019313134
2020-03-09,3244.17,3276.3,3206.54,3219.75,37955814,113128582737,22197025721003,3361.3405,38.53211740246117,3145.005356255392,3361.3405,3577.6756437446074,12.87195651524192,0.17275196819811883
2020-03-10,3191.44,3215.92,3168.53,3212.25,45866972,185701258511,22139722242580,3350.518,37.99666823564009,3127.200908437352,3350.518,3573.835091562648,13.330302452495278,0.1904222622807819
2020-03-11,3214.56,3214.56,3127.76,3145.39,109417342,211382637969,21680184621417,3333.4839999999995,33.52423341278057,3102.290303944073,3333.4839999999995,3564.677696055926,13.870994794390885,0.09321122675745648
2020-03-12,3148.98,3158.17,2996.29,3023.03,48435410,194387057836,20835721120047,3309.9130000000005,27.21160246000268,3054.33036458828,3309.9130000000005,3565.4956354117207,15.443465457353122,-0.061233355188348305
2020-03-13,2843.93,2947.15,2753.24,2892.28,67964620,177418931546,19934585279838,3280.1730000000002,22.365275510383903,2979.522956786964,3280.1730000000002,3580.8230432130363,18.33135284102613,-0.1450905442330919
2020-03-16,2968.83,3007.02,2893.72,2902.31,57442369,168090680808,19994223444284,3250.1885,23.490956376599357,2925.367297965711,3250.1885,3575.0097020342896,19.98783775367425,-0.03549229209994248
2020-03-17,2821.57,2952.26,2807.44,2894.56,44142479,122143971658,19938387012218,3222.389,23.210905584128575,2876.4367715695407,3222.389,3568.3412284304595,21.471785587057266,0.026193252913389184
2020-03-18,2904.56,2926.06,2804.64,2804.8,45639194,153590363625,19317309505842,3187.8665,20.206292417869076,2820.577483214852,3187.8665,3555.1555167851484,23.04293588110721,-0.02147829433200952
2020-03-19,2844.76,2851.01,2507.7,2509.56,63383707,172819666805,17272270132845,3141.319,13.853817295073002,2688.0103448918044,3141.319,3594.6276551081955,28.86103927096838,-0.19683094827431868
2020-03-20,2574.76,2686.02,2506.37,2686.02,43070330,131638940178,18487642209869,3105.2965,28.3520723121409,2628.120767076582,3105.2965,3582.472232923418,30.733022300667123,0.060668668719486396
2020-03-23,2535.13,2568.48,2473.15,2507.68,61339643,112962862593,17258608071388,3063.7309999999998,23.96269830604909,2533.3608624960098,3063.7309999999998,3594.10113750399,34.62250031115591,-0.024210320943849072
2020-03-24,2542.48,2653.45,2524.26,2642.99,57202640,118384507002,18189696046952,3028.1175000000003,32.50116470522702,2485.322913185613,3028.1175000000003,3570.9120868143877,35.85029886154599,0.14523642151602956
2020-03-25,2712.46,2797.4,2703.38,2790.75,42502402,153411915497,19205412117628,3000.4425,40.37511074197785,2468.6125878335242,3000.4425,3532.272412166476,35.45009858822329,0.30285755351199467
2020-03-26,2786.1,2905.58,2774.95,2826.64,51557714,147993823392,19454285601401,2977.01,42.140624696800145,2458.0676338358935,2977.01,3495.952366164107,34.8633270404941,0.3551187860113464
2020-03-27,2930.72,2945.14,2810.29,2879.0,60634369,183692212056,19810892180194,2962.0260000000003,44.7126781222601,2449.9809505990697,2962.0260000000003,3474.071049400931,34.573973989487634,0.4189270552492042
2020-03-30,2823.96,2955.23,2810.06,2946.59,53258919,137753404027,20275812891881,2949.79,47.93046611579091,2448.666584741841,2949.79,3450.913415258159,33.97688752474985,0.49680717373947564
2020-03-31,2997.15,3068.69,2982.98,3050.78,106968207,201634497074,20993593314818,2942.8405,52.518095047858665,2451.461612522117,2942.8405,3434.2193874778827,33.394870532594815,0.6098332699579597
2020-04-01,3065.66,3229.78,3065.19,3083.02,406056202,480283114775,21217797182675,2932.5555,53.872408070481875,2462.4133737243365,2932.5555,3402.6976262756634,32.06364730527102,0.6600202274915655
2020-04-02,3108.35,3167.45,3066.15,3153.41,121430568,357072835472,21698726152295,2923.8599999999997,56.771498215518605,2477.4087574661685,2923.8599999999997,3370.311242533831,30.53848286401067,0.7570829444859316
2020-04-03,3158.53,3205.99,3139.63,3205.41,72399454,227803491139,22054925119706,2918.811,58.830034387217026,2487.7599790338018,2918.811,3349.8620209661985,29.53606937661934,0.8324420846488075
2020-04-06,3270.88,3384.81,3270.24,3355.44,227136525,334522325339,23088419268865,2925.5955,64.13644768080688,2472.1233560936716,2925.5955,3379.067643906328,31.000330968948255,0.9739480757265558
2020-04-07,3407.77,3423.51,3308.6,3368.4,93040316,290311051452,23181500884470,2933.403,64.56136954068926,2455.727208647746,2933.403,3411.0787913522536,32.568030465111946,0.9553266126053469
2020-04-08,3373.38,3411.43,3326.18,3350.32,52643783,178470220585,23061910872423,2943.6495,63.43223960314008,2440.131418955236,2943.6495,3447.167581044764,34.210464326324455,0.9038290930448692
2020-04-09,3384.37,3388.69,3268.71,3310.92,108450520,288493720424,22796557489442,2958.0440000000003,60.93135029684446,2430.3898304002505,2958.0440000000003,3485.69816959975,35.675883766417925,0.8343818928481818
2020-04-10,3301.44,3301.44,3213.26,3268.61,53914606,183060837442,22509129188906,2976.8605,58.274339782616245,2433.327660753831,2976.8605,3520.3933392461686,36.517185756347594,0.7683825878898418
2020-04-13,3260.41,3299.65,3236.7,3265.8,261033529,456434305891,22487686744384,2995.035,58.09315346433048,2438.53491099731,2995.035,3551.53508900269,37.16150822963271,0.7432748937068827
2020-04-14,3288.35,3351.35,3280.86,3331.67,72811055,214157855592,22942652700569,3016.8905,61.143034809101025,2443.804749820324,3016.8905,3589.976250179676,37.99181642022976,0.7746356020031115
2020-04-16,3316.65,3357.3,3267.02,3339.38,33977413,135780559247,22994078392936,3043.6195,61.496260489501175,2462.781365250738,3043.6195,3624.4576347492616,38.16759189177635,0.7545980388561051
2020-04-17,3355.5,3373.82,3324.52,3331.04,44103989,150103123712,22939421352744,3084.6935000000003,60.851863312622726,2546.081539743823,3084.6935000000003,3623.3054602561774,34.92158687767048,0.7286864367835716
2020-04-20,3334.64,3353.86,3308.29,3308.29,42204826,121885794362,22783122922144,3115.807,59.03462548881027,2601.5681340592764,3115.807,3630.045865940723,33.008390182108414,0.6871532985433542
2020-04-21,3305.33,3312.25,3186.09,3263.68,55986520,139941767125,22475481008599,3153.607,55.53258409502398,2718.709487424909,3153.607,3588.5045125750908,27.580958094974473,0.6265505053687728
2020-04-22,3231.93,3323.05,3204.9,3319.97,30715955,116539252160,22856706905575,3187.4559999999997,58.849774431992294,2816.0502748744957,3187.4559999999997,3558.8617251255037,23.304210324817284,0.6783952037293198
2020-04-23,3332.51,3434.74,3325.74,3430.02,44397171,185330760427,23614643811366,3219.4195,64.43560108258478,2881.561719182388,3219.4195,3557.277280817612,20.98873916975479,0.8116703417194496
2020-04-24,3426.56,3535.39,3392.67,3477.11,38479161,233119321983,23941565328296,3251.943,66.52925066964973,2948.063913052574,3251.943,3555.822086947426,18.6890783108699,0.8704878184640524
2020-04-27,3516.08,3593.08,3502.68,3565.16,52288058,240258710770,24552426047010,3286.251,70.07646020352458,3004.4034781091714,3286.251,3568.098521890829,17.153134187913754,0.9947870361408262
2020-04-28,3574.69,3602.62,3522.76,3565.85,70318641,292467680417,24566299810563,3317.214,70.10319953435014,3056.1308766541943,3317.214,3578.2971233458056,15.741108252033525,0.976162527883276
2020-04-29,3566.17,3597.9,3547.36,3580.69,193246992,383250399944,24663806671681,3343.7095,70.70942607034357,3088.674489738661,3343.7095,3598.7445102613387,15.254615286485793,0.9646038592057656
2020-05-04,3532.01,3620.42,3484.9,3573.21,97719377,272284905472,24613795530786,3368.219,69.93961202820464,3124.124168190719,3368.219,3612.313831809281,14.494000052210442,0.9199003282465356
2020-05-06,3620.05,3690.49,3600.01,3682.02,267522647,503107322986,25363094536593,3394.6495000000004,74.3195076271036,3135.316444222298,3394.6495000000004,3653.982555777703,15.278929726188379,1.0540568269213053
2020-05-07,3697.48,3738.16,3680.79,3700.73,154155019,235363763329,25491659691375,3419.4155,74.99419060656099,3143.0553154237823,3419.4155,3695.775684576218,16.164176864509024,1.0089635115698365
2020-05-08,3722.06,3737.36,3655.84,3671.52,59743409,191819886912,25289475458018,3435.2195,71.82174060086092,3139.806824545813,3435.2195,3730.6321754541873,17.199056738830638,0.899949832275639
2020-05-11,3677.16,3680.97,3647.88,3667.72,36160001,128574567469,25260135578249,3450.1855000000005,71.39859139384056,3139.8775052931273,3450.1855000000005,3760.4934947068737,17.987902082764716,0.8505138502884679
2020-05-12,3678.0,3747.06,3665.63,3729.66,34698298,190426013736,25685458949660,3469.1524999999992,74.07933921515581,3139.791544762435,3469.1524999999992,3798.5134552375634,18.987977913197202,0.8954741687764713
2020-05-13,3707.24,3788.21,3701.38,3788.21,39893251,167414360304,26084763595319,3493.017,76.33709508284667,3144.373035124655,3493.017,3841.6609648753447,19.9623399986513,0.9233444856926526
2020-05-14,3763.99,3839.56,3740.29,3839.56,27883683,190597927986,26438193019314,3521.5644999999995,78.13581076251478,3157.9170263954097,3521.5644999999995,3885.2119736045893,20.652609009693833,0.9372304540547575
2020-05-15,3907.79,3963.68,3890.98,3953.32,63709975,446962452823,27217818256998,3555.9404999999997,81.49227038320235,3166.438107171662,3555.9404999999997,3945.4428928283373,21.907137806627397,1.0101117570991849
2020-05-18,4008.69,4089.21,3912.54,3919.33,39841308,409803685885,26990370656290,3585.3235,77.65633566379267,3179.6024066723294,3585.3235,3991.0445933276706,22.632328342347385,0.9116208221521378
2020-05-19,3914.87,3914.87,3810.82,3831.29,26865954,305048673063,26386743344395,3609.9190000000003,68.64338425237823,3207.1881793815623,3609.9190000000003,4012.6498206184383,22.312457460593325,0.7748374207616638
2020-05-20,3871.51,3911.59,3870.98,3876.7,29972637,213471607756,26698357939513,3637.2019999999998,70.54246195474212,3239.8427336125146,3637.2019999999998,4034.561266387485,21.849722197858966,0.8013620421858407
2020-05-21,3876.3,3897.31,3844.59,3889.27,21883411,195498099314,26785908820734,3666.251,71.0648671536624,3284.688366142857,3666.251,4047.8136338571435,20.814866950306637,0.79224428732125
2020-05-22,3904.03,3933.06,3857.21,3893.62,30672456,220308929712,26811446216843,3697.7479999999996,71.25484995435068,3351.9902091347753,3697.7479999999996,4043.505790865224,18.700992650944535,0.7832503058135729
2020-05-25,3915.23,3951.56,3852.41,3948.01,24233233,159332758936,27181602890283,3729.15,73.58978709114305,3413.575796681668,3729.15,4044.724203318332,16.924725651600603,0.8467647191985899
2020-05-26,3949.73,3950.07,3885.52,3894.28,17988793,134354788821,26814061739860,3752.3630000000003,67.73630145040761,3460.833350866332,3752.3630000000003,4043.892649133669,15.538456654309217,0.7434006290985002
2020-05-27,3898.48,3919.72,3885.96,3893.46,16200340,162554107327,26810149659492,3773.1805,67.64786469540005,3504.694200574871,3773.1805,4041.666799425129,14.231299002267656,0.7239956010000087
2020-05-28,3878.42,3886.53,3826.61,3840.96,114390909,697141334459,26448735434124,3786.9705000000004,62.06109359761025,3534.802811707071,3786.9705000000004,4039.1381882929295,13.317647353890353,0.60705078903147
2020-05-29,3848.59,3884.58,3829.5,3829.5,79317511,427336332858,26374129060715,3800.153,60.879180406537614,3568.903510564888,3800.153,4031.4024894351114,12.170535735540733,0.5634531130678128
2020-06-01,3824.77,3913.64,3821.58,3910.69,42469541,270260911532,26929513181970,3816.6530000000007,65.84232636596892,3604.0542926568005,3816.6530000000007,4029.251707343201,11.140583508283314,0.7211607990828338
2020-06-02,3908.25,3940.25,3895.12,3920.18,60076378,255406679761,26995432819797,3834.0015,66.37924067068543,3648.8394151905018,3834.0015,4019.163584809498,9.658946915357133,0.7327109788396036
2020-06-03,3932.56,3947.31,3852.57,3876.41,29636866,206372105533,26698805671822,3843.721,61.572009208839184,3671.5375401787974,3843.721,4015.9044598212026,8.959206967477746,0.5949249133277508
2020-06-04,3876.01,3903.24,3842.61,3863.63,24912149,184204362531,26610328387260,3851.8660000000004,60.20110778718975,3692.5808212293446,3851.8660000000004,4011.1511787706563,8.270546211662392,0.5369274784094566
2020-06-05,3863.46,3884.47,3840.85,3878.59,21108503,124124589440,26714502614631,3862.2195,61.28767739297328,3725.907773362121,3862.2195,3998.531226637879,7.058724996747545,0.5600480252278268
2020-06-08,3903.23,3905.8,3847.12,3862.15,26362629,169507641332,26606483555926,3871.941,59.36943113631253,3768.805911712842,3871.941,3975.0760882871577,5.327306810055109,0.4525331283338861
2020-06-09,3879.24,3894.68,3844.44,3889.87,27214902,220203963443,26804473357264,3879.9515,61.55444133471608,3799.978459473833,3879.9515,3959.924540526167,4.12237320627163,0.5620115224752175
2020-06-10,3900.79,4004.15,3897.58,4001.29,17928156,255541470187,27575083889828,3890.6055,68.81406281279813,3805.7352337166894,3890.6055,3975.475766283311,4.3628307359001415,1.152080550981878
2020-06-11,3978.72,4025.53,3941.53,3969.87,21933647,305667964131,27359527355720,3897.121,65.08193939703217,3808.9813453830225,3897.121,3985.2606546169777,4.5233214271241575,0.912691655737364
2020-06-12,3840.17,4036.69,3817.33,4010.52,26027059,300023167839,27641544077334,3899.9809999999998,67.53513118457819,3801.613925040946,3899.9809999999998,3998.3480749590535,5.044489958235887,1.0618699145319364
2020-06-15,3992.51,4100.19,3874.25,3875.58,30000228,414940366329,26716696454609,3897.7934999999998,53.97811932275951,3799.2991051797862,3897.7934999999998,3996.2878948202133,5.05385392121022,0.3872346997991754
2020-06-16,3987.43,4044.43,3976.83,4033.31,21951042,285806670167,27814980287699,3907.8945,63.261632586563934,3797.9789585192784,3907.8945,4017.8100414807213,5.6253075143518565,1.0705084936600946
2020-06-17,4044.77,4139.35,4040.74,4101.81,41469746,305876889653,28311566469794,3919.15,66.42883196524599,3781.670161478127,3919.15,4056.6298385218734,7.015798758499841,1.1643155897034998
2020-06-18,4093.32,4106.59,4057.55,4075.84,36812637,296848907286,28160174709708,3928.4784999999997,64.17015209902249,3775.8861977990023,3928.4784999999997,4081.070802200997,7.7685191455672955,0.9828602028885216
2020-06-19,4108.44,4109.29,4025.36,4067.69,22377457,238830608776,28066418786726,3937.182,63.44113228451022,3774.0429415743715,3937.182,4100.3210584256285,8.28709764626723,0.8999900491625547
2020-06-22,4066.31,4076.54,4036.0,4065.04,90146317,248993920315,28039271849285,3943.0335,63.18975508452808,3770.6285212696844,3943.0335,4115.438478730316,8.744788941322252,0.853836939334705
2020-06-23,4083.64,4146.17,4043.07,4128.68,27353889,259549911160,28475137532202,3954.7535,66.61130860246251,3766.0961732644587,3954.7535,4143.410826735541,9.54078815458619,0.9609587737978746
2020-06-24,4158.18,4180.41,4106.53,4133.56,16106242,173768367291,28508665958234,3966.7585,66.86564440146316,3765.120008905167,3966.7585,4168.396991094833,10.166411244588382,0.9136152256801803
2020-06-25,4087.79,4124.88,4061.01,4070.75,30023136,218920707053,28071162540153,3978.2479999999996,60.479882932216924,3780.440415352694,3978.2479999999996,4176.055584647305,9.944457190567594,0.733818132315131
2020-06-26,4097.03,4101.64,4046.49,4076.45,20640671,164967493268,28108032080976,3990.5955000000004,60.84532957462406,3800.8021108132293,3990.5955000000004,4180.388889186772,9.512033438957733,0.7261788473451829
2020-06-29,4030.06,4061.61,4005.48,4012.96,11663940,133261604072,27662123656038,3995.709,54.77007798454849,3809.322317439251,3995.709,4182.095682560748,9.329342179860873,0.5462774479458259
2020-06-30,4036.94,4042.94,3987.77,3991.31,29622819,159227919838,27516772122491,3999.2655,52.832860406026256,3816.0925081616797,3999.2655,4182.43849183832,9.160331657816682,0.4782841893879693
2020-07-01,4017.09,4055.47,4008.27,4019.05,41456526,182668953660,27708536554019,4006.3975,55.02775105084645,3832.017243792477,4006.3975,4180.777756207523,8.705090106886459,0.5362784763458045
2020-07-02,4046.13,4107.19,4042.68,4097.3,41473452,255346667835,28248253310439,4018.0809999999997,60.597770558800086,3852.4349974644674,4018.0809999999997,4183.727002535532,8.245030527534524,0.7391213756667852
2020-07-03,4107.33,4142.46,4084.02,4118.21,37304809,152871779335,28387494123334,4030.0620000000004,61.95382607298025,3872.0175878115215,4030.0620000000004,4188.106412188479,7.843274480068985,0.77887097930067
2020-07-06,4134.42,4192.27,4107.84,4181.85,15683982,127642441181,28825232064400,4046.047,65.81047863494544,3894.6370044118553,4046.047,4197.456995588145,7.4843419064654935,0.9484611450930956
2020-07-07,4175.52,4227.06,4151.03,4209.49,13911153,190261362568,29015742161222,4062.0280000000007,67.35810949725833,3912.469017976178,4062.0280000000007,4211.586982023824,7.363759285944019,0.9929894480577227
2020-07-08,4212.19,4252.28,4174.59,4187.37,16417503,151754748875,28873096742290,4071.332,64.82895618006239,3915.0440161240717,4071.332,4227.619983875928,7.67748657569208,0.871231354843374
2020-07-09,4196.79,4291.3,4193.84,4269.07,12545391,193219390618,29435491909124,4086.2920000000004,69.3992027024162,3915.1432829612727,4086.2920000000004,4257.440717038728,8.376724768505404,1.0339742043133184
2020-07-10,4271.21,4308.08,4234.4,4292.17,108340107,286253232516,29588217135121,4100.3745,70.56389013965757,3911.092997736829,4100.3745,4289.65600226317,9.232400711845736,1.0066408965133173
2020-07-13,4320.22,4326.9,4279.26,4326.9,33357517,195350557169,29827929451568,4122.9405,72.27258131342866,3938.6938265999,4122.9405,4307.1871734001,8.937634360723848,1.0534957463169299
2020-07-14,4313.31,4373.85,4277.07,4314.9,119140930,389721486396,29745875471388,4137.0199999999995,70.74453263740415,3939.746403185821,4137.0199999999995,4334.293596814178,9.536990240036488,0.9508459390223255
2020-07-15,4356.3,4361.86,4221.71,4232.49,57233718,246023333464,29178779049279,4143.554,61.17823446006484,3942.752967293484,4143.554,4344.355032706516,9.692212661233135,0.7214530443426199
2020-07-16,4229.91,4258.65,4167.31,4197.9,52427591,233930114260,28938445949427,4149.657000000001,57.6542216661074,3950.0430508781938,4149.657000000001,4349.270949121808,9.620744515597663,0.6208407533948441
2020-07-17,4198.15,4225.3,4149.35,4174.35,19082670,140674009944,28775320459193,4154.99,55.31790713251781,3958.749850794992,4154.99,4351.230149205007,9.445998628396582,0.5493273167555932
2020-07-20,4170.73,4172.02,4106.41,4149.26,18458271,192712623032,28605687191876,4159.200999999999,52.86023621779677,3967.295731296913,4159.200999999999,4351.106268703085,9.2279872361584,0.47409919991467375
2020-07-21,4179.95,4213.27,4161.41,4192.2,15964626,182905779657,28906059365301,4162.377,56.42811734595088,3970.4948362535915,4162.377,4354.259163746409,9.219835865247616,0.5777117565742417
2020-07-22,4190.97,4207.99,4147.3,4162.45,15770076,247237075421,28702069389498,4163.8215,53.411847527729556,3972.3943973969367,4163.8215,4355.248602603064,9.194779488172754,0.49641769639369115
2020-07-23,4181.05,4181.05,4122.39,4150.02,16770888,173766423993,28620714383970,4167.785000000001,52.15738052704326,3981.004022007048,4167.785000000001,4354.565977992953,8.963081252653497,0.4524443008305952
2020-07-24,4122.79,4143.63,4098.2,4116.79,19939896,155109254476,28393219977958,4169.802,48.853949695581406,3986.165015315531,4169.802,4353.438984684469,8.807947460549393,0.35566088418657354
2020-07-27,4124.9,4160.78,4116.98,4135.85,30417622,247539047342,28527352751918,4175.9465,50.77957610649352,4005.998897219014,4175.9465,4345.894102780986,8.139357282521987,0.38203275790929336
2020-07-28,4126.08,4144.24,4095.06,4117.46,18428379,142797778543,28400767340064,4182.254,48.867845721614884,4031.957439240933,4182.254,4332.550560759067,7.187347337539364,0.2844461653920743
2020-07-29,4104.67,4129.43,4083.52,4124.84,13247640,133037325568,28454628094412,4187.5435,49.686464538691865,4054.0919908627707,4187.5435,4320.995009137229,6.373737210716944,0.2650700977254543
2020-07-30,4121.75,4136.08,4098.21,4103.88,11288987,155161841677,28316525187687,4187.8724999999995,47.367023548797725,4055.2828672416126,4187.8724999999995,4320.462132758386,6.3320759052901865,0.1832614351038449
2020-07-31,4108.6,4161.35,4083.21,4151.47,27904474,186797259847,28642670015050,4189.5355,52.75928347379157,4059.6763299002187,4189.5355,4319.394670099781,6.199215645733581,0.35343545638420876
2020-08-03,4190.83,4266.12,4165.41,4262.61,14425291,263945506812,29413875327586,4193.5735,62.43770225384631,4059.9533465387653,4193.5735,4327.193653461235,6.372615310604897,0.7583311656651703
2020-08-04,4288.16,4304.15,4243.75,4294.35,14495311,191517481758,29632490141576,4197.8165,64.66420875513899,4057.2361073024263,4197.8165,4338.396892697574,6.697786465776857,0.8433391319644045
2020-08-05,4287.49,4335.25,4282.24,4324.78,11427194,185600926516,29847748195896,4204.687,66.70204415871228,4053.7693008259002,4204.687,4355.6046991741,7.178546187818482,0.8978757980581846
2020-08-06,4333.07,4351.5,4290.75,4322.8,15124716,181811429365,29834115156689,4207.3735,66.43357781631806,4050.1844901710547,4207.3735,4364.562509828945,7.472073008443155,0.8671583023698953
2020-08-07,4324.11,4389.51,4322.18,4370.83,16706282,211657685138,30162744547850,4211.3065,69.62709404572823,4042.333049271774,4211.3065,4380.279950728225,8.02475197320478,0.9720371730366552
2020-08-10,4380.14,4403.62,4356.24,4384.86,13885650,177623283627,30271301101034,4214.2045,70.50971219518625,4035.682161176523,4214.2045,4392.726838823476,8.472409861622829,0.9779667943089879
2020-08-11,4375.68,4433.56,4330.86,4433.56,10763215,237889394528,30619516103383,4220.137500000001,73.39929790770036,4021.8324979576814,4220.137500000001,4418.4425020423205,9.398035113420807,1.038116784251498
2020-08-12,4420.96,4517.36,4379.29,4422.51,14992671,331611729281,30536183661023,4229.6385,71.68300744851514,4012.557393657222,4229.6385,4446.719606342778,10.264759333109824,0.944238338493286
2020-08-13,4445.65,4486.31,4387.5,4463.61,23100588,277683830023,30804863908292,4242.924,74.10809342909535,4003.831434711983,4242.924,4482.016565288017,11.27017902220341,0.9615074494979713
2020-08-14,4468.44,4524.34,4383.21,4390.48,70404532,506318926054,30300334105598,4253.7305,63.66107383315665,4008.5525871713667,4253.7305,4498.908412828632,11.527665555146607,0.7788780979948656
2020-08-18,4425.28,4452.09,4258.38,4266.77,26305342,366080339077,29445521260121,4259.606000000001,50.652693405595976,4019.1370590200795,4259.606000000001,4500.074940979922,11.290665896325676,0.5148958946024509
2020-08-19,4276.56,4334.29,4275.53,4295.0,24383972,243862068444,29639967037486,4264.746,53.01222038238092,4025.8705796319664,4264.746,4503.621420368034,11.202328127772848,0.5633258958862066
2020-08-20,4268.26,4342.39,4207.57,4223.15,36982555,376001676883,29139258744291,4267.781,46.86960447943608,4032.668744521888,4267.781,4502.893255478111,11.01800938136758,0.4050857644378408
2020-08-21,4236.02,4246.01,4175.82,4196.41,26448845,245668628473,28957354891700,4270.1005,44.7895560959887,4038.7966183658928,4270.1005,4501.404381634106,10.833650478910593,0.3407063048847389
2020-08-24,4234.66,4250.31,4177.89,4246.94,25239654,190294171367,29308010865398,4276.608,49.36280044628119,4055.8398969959544,4276.608,4497.376103004046,10.3244488624651,0.4328073222619101
2020-08-25,4268.09,4279.29,4235.98,4277.87,20146821,179466279481,29524594999143,4283.709,51.98459735914379,4072.581990557804,4283.709,4494.836009442196,9.857205960638126,0.48617183084384374
2020-08-26,4262.31,4265.28,4194.42,4235.14,49919492,323774443121,29231716341476,4289.593,48.26656299962682,4091.1486202760957,4289.593,4488.0373797239035,9.252364022596266,0.36280034719108734
2020-08-27,4222.43,4237.15,4183.43,4225.92,67811840,325163049014,29165942531594,4294.646999999999,47.477504308360565,4108.474660045846,4294.646999999999,4480.819339954152,8.669971709160423,0.315421023292387
2020-08-28,4248.65,4259.04,4191.49,4235.12,137952789,640148260308,29231031436146,4301.209000000001,48.38425259476488,4134.12164597222,4301.209000000001,4468.2963540277815,7.769320394697432,0.30223219050733013
2020-08-31,4262.18,4292.05,4201.56,4206.7,722082764,869576365940,29037190737101,4303.9705,45.75632465782143,4145.257813238654,4303.9705,4462.683186761346,7.375175399615125,0.19356419456793403
2020-09-01,4200.88,4200.88,4153.06,4188.12,99996925,281942099535,28907123872321,4300.246,44.071055822746516,4134.4860566602265,4300.246,4466.005943339774,7.709323761467302,0.16178197898461785
2020-09-02,4217.9,4219.88,4153.34,4180.04,44369985,175113676061,28856960595576,4294.5305,43.32375665412919,4120.666659656456,4294.5305,4468.394340343543,8.096989430790789,0.17074666079567133
2020-09-03,4178.1,4198.26,4162.94,4168.22,35952876,168617291327,28772908411911,4286.702499999999,42.19653674420592,4105.06718769811,4286.702499999999,4468.337812301889,8.474360527789827,0.17384508414566033
2020-09-04,4102.39,4112.28,4085.34,4105.19,37886102,204788946042,28337958516768,4275.821999999999,36.71128412810496,4078.726598775097,4275.821999999999,4472.917401224901,9.219064835949775,0.06713348221328011
2020-09-07,4107.61,4112.03,4064.19,4075.34,28550445,179002032832,28130804144202,4261.047500000001,34.428722829777556,4050.793472131317,4261.047500000001,4471.301527868684,9.868654497218525,0.0583735020858058
2020-09-08,4092.71,4160.03,4092.17,4116.15,19805092,168852221459,28410923688766,4247.612,39.92795705668101,4036.382608901116,4247.612,4458.841391098884,9.945795006647687,0.18881697921844082
2020-09-09,4099.61,4122.04,4033.98,4043.6,16047152,158783509586,27909498321435,4228.114,34.40397012686441,4017.149512144803,4228.114,4439.078487855197,9.979129600346488,0.062689432055864
2020-09-10,4074.83,4152.78,4071.8,4134.51,29389388,237250249329,28540358042030,4213.714,44.72380237553221,4019.1093856250945,4213.714,4408.318614374905,9.236726288253328,0.29650020053632087
2020-09-11,4139.05,4173.21,4110.55,4150.59,12518491,123458385730,28651084264196,4198.063,46.332108392744296,4039.3227516569727,4198.063,4356.803248343027,7.562547219659501,0.3504695548371144
2020-09-14,4131.16,4142.12,4097.75,4129.24,14334818,124354231982,28505931070490,4185.001,44.48153296941943,4050.619216427947,4185.001,4319.382783572053,6.422066975470405,0.2925276830021305
2020-09-15,4111.28,4147.02,4100.38,4140.98,15760343,123316610275,28589296266832,4178.711499999999,45.76434930717891,4048.5171516932996,4178.711499999999,4308.905848306699,6.231315481181212,0.3550954765289984
2020-09-16,4134.71,4178.98,4125.84,4132.87,16151141,118710435627,28530743822934,4170.605,44.990974786333,4050.590865249103,4170.605,4290.619134750896,5.755238616502706,0.34278935111133807
2020-09-17,4139.71,4177.07,4121.81,4126.27,16664300,146508136004,28482964533812,4165.761,44.33435982428842,4046.805301372291,4165.761,4284.71669862771,5.7111149020651615,0.33400963360488806
2020-09-18,4136.2,4163.63,4118.78,4141.86,11847780,121833975870,28592622138475,4163.0335,46.32699656222422,4044.513119765179,4163.0335,4281.55388023482,5.693943141933428,0.41067570000176545
2020-09-21,4147.88,4155.92,4082.04,4093.28,68933334,154648026976,28252897805783,4155.3505,41.358737055117324,4039.695769966998,4155.3505,4271.005230033002,5.566545110117759,0.23165602486691264
2020-09-22,4094.91,4094.91,3947.08,3962.61,29248099,130389040010,27348562983002,4139.5875,31.55586592865733,4009.9352636328367,4139.5875,4269.239736367163,6.26401719336349,-0.18250847404905501
2020-09-23,3976.67,3984.84,3911.57,3953.92,16597357,106078614669,27288989470927,4125.5265,31.029140435517803,3980.3118878874207,4125.5265,4270.74111211258,7.039809930324264,-0.09087201178817984
2020-09-24,3905.14,3911.06,3856.34,3857.26,16187060,120782765532,26620714854342,4107.093500000001,25.858748791019412,3927.9126035545173,4107.093500000001,4286.274396445484,8.725435466491486,-0.19715439803041032
2020-09-25,3884.27,3899.7,3845.57,3859.99,24527109,183420767740,26681760776410,4088.3369999999995,26.23261706401465,3889.2580219937636,4088.3369999999995,4287.4159780062355,9.738873190064126,-0.07350857003306246
2020-09-28,3902.08,3969.79,3894.79,3964.31,9295159,87469378187,27397528598812,4076.2174999999997,38.90973002220497,3877.9260736724664,4076.2174999999997,4274.508926327533,9.729187725018765,0.21782062877707714
2020-09-29,3984.09,3988.75,3950.8,3962.3,12265256,98954236135,27384969517626,4064.9265,38.77147482445152,3867.69428029184,4064.9265,4262.15871970816,9.70409771040927,0.2398333290781445
2020-10-05,3990.69,4013.58,3959.64,4006.5,11953279,126932803666,27688461880123,4056.2494999999994,43.52373402812668,3864.8548951152015,4056.2494999999994,4247.644104884797,9.437023283937435,0.37003421535851516
2020-10-06,4021.06,4100.14,4020.63,4064.42,13172115,155029270444,28087436049526,4051.0594999999994,49.09897701090931,3866.587216935556,4051.0594999999994,4235.531783064443,9.107359843243144,0.5362127572176612
2020-10-07,4046.23,4058.89,4015.59,4031.0,9661203,102362748989,27860680910422,4047.35,46.261205980761865,3864.4034609236674,4047.35,4230.296539076333,9.040312257468852,0.4553148146924544
2020-10-08,4057.34,4060.59,4018.39,4024.18,11841672,133422339245,27815669423384,4044.792,45.6809724000319,3862.0518991353892,4044.792,4227.532100864611,9.035821909488085,0.4436029642577707
2020-10-12,4055.96,4059.28,4017.0,4027.07,42642604,176625358109,27867358912989,4040.3379999999997,45.99011390896178,3860.451888740658,4040.3379999999997,4220.224111259341,8.904508051521509,0.4631211106096154
2020-10-13,4043.76,4043.76,3975.21,3997.79,12007100,100711274948,27666729654254,4038.0474999999997,43.30127996106219,3857.221711476879,4038.0474999999997,4218.87328852312,8.956100121314599,0.3886842957279505
2020-10-14,3995.25,4003.33,3945.17,3955.03,10431813,100874339312,27373056078588,4029.0735,39.65500962272155,3850.4867889294155,4029.0735,4207.660211070584,8.864902120578561,0.2926959414949557
2020-10-15,3941.02,3961.84,3917.21,3941.3,23094867,132452115386,27281751617329,4018.6090000000004,38.532995241519195,3845.280480027064,4018.6090000000004,4191.937519972937,8.626294320892438,0.27698707629860525
2020-10-16,3964.48,3967.21,3894.86,3903.68,51664126,288708456232,27018585620015,4007.3309999999997,35.56378293418273,3834.9132106741627,4007.3309999999997,4179.748789325837,8.605118435479227,0.19941906689187666
2020-10-19,3920.42,3953.78,3913.72,3914.61,17468733,169545301896,27095563411880,3996.0125,37.08075655658568,3830.5964003149666,3996.0125,4161.428599685033,8.279058170365246,0.2539462599015538
2020-10-20,3901.26,3929.8,3869.43,3913.12,41090313,246704500519,27083338729613,3985.025,36.95303948582603,3828.475251804709,3985.025,4141.574748195291,7.8569016854494595,0.27034456832756815
2020-10-21,3913.65,3942.06,3905.2,3930.32,21981319,162676695732,27208282855436,3975.2275,39.54174605128444,3831.2401497396067,3975.2275,4119.214850260393,7.244231946996403,0.3440574817204878
2020-10-22,3914.2,3916.93,3875.91,3903.53,110793163,603306386094,27022526637045,3963.311,36.99387499196231,3838.254319106857,3963.311,4088.367680893143,6.310717523461723,0.2609843809501033
2020-10-23,3912.3,3912.3,3848.41,3862.34,85777617,603946498013,26745026816715,3951.764,33.427483255736966,3834.4333519322017,3951.764,4069.0946480677985,5.938140438943135,0.11892309693743797
2020-10-26,3846.48,3849.31,3759.74,3766.94,19072707,139429395458,26081488358407,3941.9805,26.94767942185881,3799.8817014863967,3941.9805,4084.0792985136036,7.209513010711416,-0.11591125973962055
2020-10-27,3731.64,3759.43,3706.49,3717.97,13451223,126006455849,25745668672432,3930.183,24.3395066201356,3758.0116463896798,3930.183,4102.35435361032,8.761492969173192,-0.1162842875717504
2020-10-28,3698.02,3742.94,3698.02,3742.94,12713232,98750986204,25918662704171,3924.4669999999996,28.157786975481603,3736.1568308534293,3924.4669999999996,4112.7771691465705,9.596725830364768,0.018010628893044913
2020-10-29,3700.13,3729.36,3690.25,3724.58,11456067,94883100851,25790602844801,3917.6965000000005,27.07580784210847,3711.69439571218,3917.6965000000005,4123.698604287821,10.516491223238983,0.03127541908459514
2020-10-30,3708.29,3710.76,3626.0,3632.83,13202649,118343528157,25160632902051,3901.1225000000004,22.43614268397397,3662.0967734452834,3901.1225000000004,4140.148226554717,12.254202556044678,-0.061220969531461236
2020-11-02,3655.36,3676.32,3637.02,3654.5,19230219,132949251476,25310872048658,3885.7325000000005,25.67561349084661,3625.7288774194476,3885.7325000000005,4145.7361225805535,13.38247666716908,0.05532831099620292
2020-11-03,3660.63,3707.01,3660.42,3693.88,18898969,136552864397,25582515644771,3870.1014999999998,31.291599224400805,3603.5136352142767,3870.1014999999998,4136.689364785722,13.776789305692514,0.16948701858270587
2020-11-04,3727.24,3828.54,3722.5,3815.09,14778693,177393552733,26416619295524,3857.6350000000007,45.05359368943746,3605.6414439315745,3857.6350000000007,4109.628556068427,13.064665582328363,0.4155831588240136
2020-11-05,3813.05,3849.56,3797.27,3849.56,14641321,144964337722,26651702691396,3848.5630000000006,48.22931901089421,3609.453184132874,3848.5630000000006,4087.672815867127,12.425927072890664,0.5020848161259792
2020-11-06,3852.58,3862.92,3809.29,3819.97,21628168,105831889493,26450313819933,3838.3525,45.78309004194092,3613.07104804487,3838.3525,4063.6339519551298,11.738445176941399,0.45920103532610956
2020-11-09,3840.29,3895.0,3836.09,3869.17,19089659,120341483470,26876941559329,3830.4575000000004,50.29719540409613,3621.7244331538213,3830.4575000000004,4039.1905668461795,10.898597196088408,0.5927320730369182
2020-11-10,3863.35,3863.35,3804.44,3809.82,12154480,128076259429,26466957129441,3821.0589999999997,45.38791879338089,3626.890737516113,3821.0589999999997,4015.2272624838865,10.163060161273972,0.4710586069622674
2020-11-11,3822.99,3830.53,3763.67,3799.67,25128487,187480420932,26399559158871,3813.2909999999997,44.586413716717715,3629.0037270916087,3813.2909999999997,3997.5782729083908,9.665523712110671,0.4630441110093082
2020-11-12,3817.09,3817.09,3790.93,3800.38,23379683,182450749283,26404339952356,3806.245,44.66003135941942,3631.547282613619,3806.245,3980.942717386381,9.179530870260907,0.4832138619561122
2020-11-13,3786.82,3797.21,3748.01,3758.4,15670255,158379519424,26116632515800,3798.9809999999998,41.17676532421645,3629.0770782206246,3798.9809999999998,3968.884921779375,8.944710267272997,0.3805766236146827
2020-11-16,3766.51,3801.53,3766.51,3777.06,22140251,198900904081,26245248190091,3792.1035,43.29391317705994,3630.5478268374272,3792.1035,3953.659173162573,8.520636272853466,0.45344174641003787
2020-11-17,3789.22,3799.96,3770.39,3785.25,109489449,321933352894,26303155153072,3785.7100000000005,44.242468724382384,3633.996046785366,3785.7100000000005,3937.423953214635,8.015085847285413,0.4984839891445261
2020-11-18,3811.39,3900.29,3808.49,3887.29,53001736,329385079538,27004884402289,3783.5585,54.462909002172005,3639.05972266603,3783.5585,3928.05727733397,7.6382472920119975,0.8589355630333554
2020-11-19,3905.28,3907.87,3851.15,3861.57,20647989,163274874951,26826910336596,3781.4605,51.88146053695788,3642.8934876954395,3781.4605,3920.027512304561,7.328756299559953,0.7890641093708686
2020-11-20,3861.31,3876.83,3853.62,3858.97,33123825,238845333793,26810564410078,3781.292,51.615126490098376,3643.111143351866,3781.292,3919.472856648134,7.308658344721015,0.781073666368274
2020-11-23,3872.22,3880.86,3845.62,3859.26,120918660,190274199050,26814095416051,3785.9080000000004,51.64494361206992,3643.83997001432,3785.9080000000004,3927.9760299856807,7.505096795045223,0.7581580106636001
2020-11-24,3860.82,3866.18,3823.39,3832.16,208710593,230737458447,26626894987263,3791.6175000000003,48.62910325036136,3651.768772029339,3791.6175000000003,3931.4662279706617,7.376731854975427,0.6449512647998661
2020-11-25,3837.03,3847.01,3780.25,3802.82,43692451,179425671158,26420942796951,3794.6115,45.529213877144294,3656.506431407236,3794.6115,3932.716568592764,7.279009647905401,0.5297183154957366
2020-11-26,3795.78,3819.33,3795.78,3810.2,737620851,417743997940,26477241779143,3798.8924999999995,46.45382543829523,3664.4773959565478,3798.8924999999995,3933.307604043451,7.076541599608398,0.5420618652958266
2020-11-27,3820.14,3822.09,3802.0,3821.05,156670911,180252738304,26550242816719,3808.3034999999995,47.85523303405559,3697.4162027517946,3808.3034999999995,3919.1907972482045,5.823448538080275,0.5574750233629984
2020-11-30,3828.84,3833.6,3785.52,3785.52,91195548,191243214728,26303401670241,3814.8545,43.81156975325109,3728.2690246648626,3814.8545,3901.439975335137,4.539385464642874,0.33060380573960024
2020-12-01,3811.8,3819.42,3788.4,3805.19,122102138,138010461843,26438112800015,3820.4200000000005,46.50645787893477,3753.600392398552,3820.4200000000005,3887.2396076014493,3.49802417542829,0.3860364453885968
2020-12-02,3800.1,3806.56,3778.26,3787.96,40519224,143663585815,26319828767817,3819.0634999999993,44.493405433939095,3750.7806461418627,3819.0634999999993,3887.346353858136,3.5758951825826735,0.2722451666664416
2020-12-03,3784.32,3816.93,3767.79,3816.13,34126372,130134767050,26513176182074,3817.392,48.42414706213386,3750.55573541249,3817.392,3884.22826458751,3.501671538448761,0.49055901756487785
2020-12-04,3806.56,3819.65,3776.83,3805.08,440861767,306036985797,26439536997030,3816.6475,47.01761189250422,3749.611263567667,3816.6475,3883.6837364323333,3.5128335237840655,0.4137220359045931
2020-12-07,3807.02,3824.24,3782.47,3822.42,549731767,504494971414,26559081272263,3814.31,49.49663421337515,3751.6446737021843,3814.31,3876.9753262978156,3.2858014318613686,0.5647088308569361
2020-12-08,3826.6,3836.52,3791.96,3797.27,564445423,363275576401,26383347587737,3813.6825000000003,46.12559019631383,3750.59994777665,3813.6825000000003,3876.7650522233507,3.308222549902902,0.3699125239742188
2020-12-09,3796.28,3826.73,3787.14,3826.73,277915961,286790491925,26584885084429,3815.0355000000004,50.38799751456363,3752.0524595921916,3815.0355000000004,3878.0185404078093,3.3018324682854905,0.5928384841719206
2020-12-10,3825.42,3857.02,3790.31,3842.77,159716860,254314932077,26692870591523,3817.155,52.58748609364933,3753.4386126258587,3817.155,3880.8713873741417,3.3384228502191555,0.7010079436047508
2020-12-11,3847.46,3922.35,3847.46,3920.65,110220159,254385247763,27234386927885,3825.2675000000004,61.51003159428808,3752.8220695367095,3825.2675000000004,3897.7129304632913,3.787731470454858,1.1583058406170375
2020-12-14,3929.22,3971.06,3914.97,3969.83,165853336,281199887152,27572708108694,3834.906,65.87709101236621,3742.2150709076054,3834.906,3927.5969290923945,4.834065246574207,1.2278166338450844
2020-12-15,3961.95,3970.18,3892.56,3922.61,75371091,184396904293,27248040916615,3841.774,58.96003317203687,3744.5722238021795,3841.774,3938.9757761978203,5.060254778017678,0.9158154468056564
2020-12-16,3923.43,3945.84,3911.62,3939.36,207080894,244898574883,27363691288113,3844.3775,60.54269428850606,3739.9201561939703,3844.3775,3948.8348438060298,5.434291705537747,0.9546473064468124
2020-12-17,3940.07,3946.54,3905.86,3945.65,64929712,184936615126,27406409298218,3848.5814999999993,61.14860422516974,3735.2997730930924,3848.5814999999993,3961.863226906906,5.886934025271748,0.9284384721631675
2020-12-18,3949.44,3949.44,3928.74,3938.07,48895674,168352019976,27351809229671,3852.5365000000006,59.95378959687204,3732.744030741658,3852.5365000000006,3972.328969258343,6.21888821862388,0.8570069993946758
2020-12-21,3942.37,3950.51,3913.88,3943.09,120657426,166735953502,27389173985602,3856.728,60.50419682381745,3730.589555487588,3856.728,3982.8664445124123,6.54121548174578,0.8423302084223099
2020-12-22,3949.03,3968.83,3900.3,3900.3,51590262,236841054217,27095883575587,3860.1349999999998,53.7257742679783,3733.156800689997,3860.1349999999998,3987.1131993100025,6.578951218545609,0.6581570703406423
2020-12-23,3917.86,3954.39,3903.4,3937.92,43047123,139588689005,27360439764829,3866.8900000000003,58.163492734148136,3738.4608662335113,3866.8900000000003,3995.3191337664894,6.642502567514929,0.7765338280998886
2020-12-24,3943.19,3961.0,3930.98,3950.93,40648283,116062048330,27450793386838,3873.9265,59.606200854401365,3743.290417040465,3873.9265,4004.562582959535,6.744375917278507,0.7947252330883645
2020-12-28,3955.94,3970.48,3921.74,3940.17,42993066,151906947885,27376734545519,3879.8825000000006,57.82998479515377,3748.572386775579,3879.8825000000006,4011.192613224422,6.7687675193473735,0.7295615262206133
2020-12-29,3943.33,3943.33,3900.9,3930.67,62911635,224658776890,27307364859174,3887.1400000000003,56.23660444190463,3761.5745654249936,3887.1400000000003,4012.705434575007,6.460556325473574,0.6733359190263345
2020-12-30,3932.69,3949.6,3917.0,3940.15,38279784,137982133382,27372965056653,3893.888,57.49516503525204,3772.218826155471,3893.888,4015.5571738445287,6.249238490913391,0.6901138905533896
