,날짜,시가,고가,저가,종가,거래량,등락률,MA_20,RSI_14,BBL_20_2.0,BBM_20_2.0,BBU_20_2.0,BBB_20_2.0,BBP_20_2.0
0,2019-11-19,18200,18650,17150,17300,4400682,,,,,,,,
1,2019-11-20,17150,17550,16150,16400,882859,-5.202312138728324,,,,,,,
2,2019-11-21,16400,16850,15650,15900,576850,-3.048780487804878,,,,,,,
3,2019-11-22,15950,16300,15300,15500,506029,-2.515723270440252,,,,,,,
4,2019-11-25,15500,16050,15450,15700,358591,1.2903225806451613,,,,,,,
5,2019-11-26,15900,17100,15850,16450,791521,4.777070063694268,,,,,,,
6,2019-11-27,16650,16750,16000,16200,254046,-1.5197568389057752,,,,,,,
7,2019-11-28,16300,16400,15000,15300,375410,-5.555555555555555,,,,,,,
8,2019-11-29,15300,15300,13900,13950,438204,-8.823529411764707,,,,,,,
9,2019-12-02,14050,14300,13400,13550,245461,-2.867383512544803,,,,,,,
10,2019-12-03,13350,13700,13150,13300,162031,-1.8450184501845015,,,,,,,
11,2019-12-04,13300,13900,13250,13500,136722,1.5037593984962403,,,,,,,
12,2019-12-05,13550,13750,13000,13000,129795,-3.7037037037037033,,,,,,,
13,2019-12-06,13000,13550,12950,13450,91818,3.4615384615384617,,,,,,,
14,2019-12-09,13500,13600,13100,13200,66475,-1.858736059479554,,23.692318105786427,,,,,
15,2019-12-10,13300,13500,13000,13300,93223,0.7575757575757576,,25.48880495464024,,,,,
16,2019-12-11,13350,14450,13200,14000,218749,5.263157894736842,,36.71953892552158,,,,,
17,2019-12-12,14100,14500,13800,14150,99712,1.0714285714285714,,38.846624429614565,,,,,
18,2019-12-13,14250,16050,14150,15200,515642,7.420494699646643,,51.20981358369481,,,,,
19,2019-12-16,15250,15500,14700,14950,110282,-1.644736842105263,14715.0,48.68604257595787,12128.4772376799,14715.0,17301.5227623201,35.15491352117023,0.5454277850215412
20,2019-12-17,14850,15100,14650,14750,86761,-1.3377926421404682,14587.5,46.703069369164254,12287.744578221413,14587.5,16887.255421778587,31.53049421461645,0.5353298438740772
21,2019-12-18,14900,16150,14900,16100,384368,9.152542372881356,14572.5,58.87818517905783,12316.735162965782,14572.5,16828.264837034218,30.959201743478715,0.8385769595576043
22,2019-12-19,16100,16500,15350,16350,297646,1.5527950310559009,14595.0,60.6699709875086,12278.558763965724,14595.0,16911.441236034276,31.74294259724941,0.8788138401051223
23,2019-12-20,16450,16800,15700,15950,185532,-2.4464831804281344,14617.5,56.433035087574275,12257.992636163217,14617.5,16977.007363836783,32.28332291892298,0.7823682647536282
24,2019-12-23,16100,16750,16000,16500,137293,3.4482758620689653,14657.5,60.51609358297665,12200.820330201757,14657.5,17114.179669798243,33.521128020443356,0.874998015136283
25,2019-12-24,16650,17000,16250,16550,150720,0.303030303030303,14662.5,60.87507651088465,12190.88615475637,14662.5,17134.11384524363,33.71340283367271,0.8818355370585702
26,2019-12-26,16550,17250,16550,16900,147358,2.1148036253776437,14697.5,63.384648252519604,12122.140801752112,14697.5,17272.859198247887,35.04486066675132,0.9276102536489752
27,2019-12-27,16800,17200,16400,17100,105095,1.183431952662722,14787.5,64.77505871401182,12015.880437361577,14787.5,17559.11956263842,37.485978869158714,0.9171748589114868
28,2019-12-30,17200,17350,16850,17250,114947,0.8771929824561403,14952.5,65.82328742061443,12012.181139740112,14952.5,17892.818860259886,39.328792646846836,0.8906889200100107
29,2021-01-04,40650,40900,39850,40250,303941,1.0037641154328731,16287.5,94.22095982780436,4924.583340972707,16287.5,27650.416659027294,139.5292912850627,1.554416780438275
30,2021-01-05,40600,43900,40000,43000,1059498,6.832298136645963,17772.5,94.7794996346445,1610.1525529241262,17772.5,33934.847447075874,181.88040452469684,1.2804404676550933
31,2021-01-06,43900,43950,41400,42800,542900,-0.4651162790697674,19237.5,94.06743453198284,-108.32319261705561,19237.5,38583.323192617056,201.1261670447517,1.1089815813315236
32,2021-01-07,44650,45800,42800,43150,736560,0.8177570093457943,20745.0,94.15026012930798,-974.8273473800909,20745.0,42464.827347380095,209.39819086411276,1.0157729764988799
33,2021-01-08,44800,45500,43450,43850,526049,1.6222479721900347,22265.0,94.32102810701217,-1370.4416078904687,22265.0,45900.44160789047,212.31027718742843,0.9566235816130055
34,2021-01-11,44250,46000,41050,42200,716941,-3.762827822120866,23715.0,87.81369943717807,-1049.2908236840085,23715.0,48479.29082368401,208.8491741402826,0.8732188442545943
35,2021-01-12,41600,42000,40100,40950,301016,-2.962085308056872,25097.5,83.13435003830945,-266.6375765075063,25097.5,50461.637576507506,202.1248138380915,0.8124983049824396
36,2021-01-13,41500,41800,41000,41400,175014,1.098901098901099,26467.5,83.47572587372822,692.4097964720968,26467.5,52242.5902035279,194.76784889791557,0.7896692093429832
37,2021-01-14,41700,41950,40800,41000,143490,-0.966183574879227,27810.0,81.88905190264715,1944.1808558089542,27810.0,53675.819144191046,186.01811682266123,0.7549696942994789
38,2021-01-15,41700,41800,40600,40950,144800,-0.1219512195121951,29097.5,81.68005578666059,3307.2019210711733,29097.5,54887.79807892883,177.26813698035107,0.7297860219320947
39,2021-01-18,40500,40950,39000,39600,175933,-3.296703296703297,30330.0,76.03734533170339,5010.177725742229,30330.0,55649.82227425777,166.96223062484518,0.6830581569568253
40,2021-01-19,39600,41650,39600,41650,180665,5.1767676767676765,31675.0,78.46969847246923,6957.829854532294,31675.0,56392.17014546771,156.06737266277955,0.7017828080903726
41,2021-01-20,42100,42300,40700,41700,195341,0.120048019207683,32955.0,78.5269498925165,8955.647925412653,32955.0,56954.35207458735,145.64923122189256,0.6821924186290843
42,2021-01-21,41800,42150,40700,41100,208996,-1.4388489208633095,34192.5,75.91810975887326,11214.983271684905,34192.5,57170.016728315095,134.40091674089402,0.6503099765234404
43,2021-01-22,41350,41500,40800,40850,197540,-0.6082725060827251,35437.5,74.80299094628216,13895.149269404232,35437.5,56979.85073059577,121.57940447602552,0.6256246374336677
44,2021-01-25,40900,41200,40000,41000,183149,0.3671970624235006,36662.5,75.03988722211643,16850.057571061563,36662.5,56474.94242893843,108.0801496293948,0.6094640404775276
45,2021-01-26,41700,41700,40500,40500,130992,-1.2195121951219512,37860.0,72.5899815891313,20286.167179582022,37860.0,55433.83282041798,92.83588389021648,0.575111673901118
46,2021-01-27,40550,40900,39600,39900,116270,-1.4814814814814816,39010.0,69.65130124934869,24295.46297024605,39010.0,53724.53702975395,75.43982071137631,0.5302422019191073
47,2021-01-28,39000,39650,38500,38700,153703,-3.007518796992481,40090.0,64.0651559485289,29326.097362015946,40090.0,50853.90263798405,53.698691134866806,0.43543234053906643
48,2021-01-29,38750,39500,36200,36950,184386,-4.521963824289406,41075.0,56.89837189036983,37973.46812042821,41075.0,44176.53187957179,15.101798561518152,-0.16499397074866012
49,2021-02-01,36200,37900,35600,37900,125008,2.571041948579161,40957.5,59.544153332297185,37574.561188847765,40957.5,44340.438811152235,16.519264169699007,0.0481000144134132
50,2021-02-02,38500,38950,37500,37950,135049,0.1319261213720316,40705.0,59.684423155976646,37217.321689146185,40705.0,44192.678310853815,17.136363153685366,0.10503811497948166
51,2021-02-03,38150,38200,37100,37400,118299,-1.4492753623188406,40435.0,57.329699273147455,36804.6969823443,40435.0,44065.3030176557,17.956240967754177,0.08199081657378045
52,2021-02-04,37400,37450,36250,36300,139153,-2.941176470588235,40092.5,52.839626251370774,36264.279133853415,40092.5,43920.720866146585,19.096942650852828,0.004665465681782971
53,2021-02-05,36300,37300,36200,36900,221802,1.6528925619834711,39745.0,54.91387072119832,36086.18871762972,39745.0,43403.81128237028,18.411429273469786,0.1112125249929634
54,2021-02-08,36900,37050,36100,36400,122409,-1.3550135501355014,39455.0,52.82863327536827,35702.280985738464,39455.0,43207.719014261536,19.02278045500715,0.09296179804696011
55,2021-02-09,36400,36850,35600,35650,138227,-2.06043956043956,39190.0,49.77537236075328,35158.79670569691,39190.0,43221.20329430309,20.5726118617152,0.06092514547669467
56,2021-02-10,35500,35650,34200,34500,276498,-3.225806451612903,38845.0,45.4388359202048,34463.57329172333,38845.0,43226.42670827667,22.558510533024418,0.004156945979246443
57,2021-02-15,35100,35100,34500,34700,182796,0.5797101449275363,38530.0,46.3148269889924,33914.00606586186,38530.0,43145.99393413814,23.9605187341715,0.0851381030123574
58,2021-02-16,34500,35900,34500,35400,147118,2.0172910662824206,38252.5,49.378243102127385,33584.794460872654,38252.5,42920.205539127346,24.404708393581313,0.19444302172783473
59,2021-02-17,35700,36750,35200,36700,175305,3.672316384180791,38107.5,54.5636738577408,33436.068206641554,38107.5,42778.931793358446,24.517125465372676,0.34935025680979687
60,2021-02-18,36900,37950,36650,37100,202222,1.08991825613079,37880.0,56.05528493728155,33485.86754865081,37880.0,42274.13245134919,23.200276934261844,0.4112452789445951
61,2021-02-19,37150,37350,35150,36200,169845,-2.4258760107816713,37605.0,51.92485829081781,33524.32603605727,37605.0,41685.67396394273,21.70282655999326,0.3278470649193333
62,2021-02-22,36500,36500,35000,35000,118397,-3.314917127071823,37300.0,46.95665951976331,33402.051821791356,37300.0,41197.948178208644,20.900526424711227,0.2049729890127738
63,2021-02-23,35000,35000,34000,34500,99327,-1.4285714285714286,36982.5,45.02363381860311,33262.5168011132,36982.5,40702.4831988868,20.11753234035991,0.16632913816077408
64,2021-02-24,34550,34850,32850,32950,122207,-4.492753623188406,36580.0,39.58359447622938,32944.83838048429,36580.0,40215.16161951571,19.875131872693885,0.0007099573631060257
65,2021-02-25,33250,33950,33250,33800,108875,2.579666160849772,36245.0,43.6075603703572,32892.70228052458,36245.0,39597.29771947542,18.497987140159584,0.13532475266209315
66,2021-02-26,32300,33200,32150,32500,100086,-3.8461538461538463,35875.0,39.29669424918755,32585.091186674003,35875.0,39164.908813326,18.34095505686968,-0.012932149719368345
67,2021-03-02,33100,33700,32500,32600,70772,0.3076923076923077,35570.0,39.78977080789948,32253.314907923865,35570.0,38886.685092076135,18.64877757703759,0.052263793886311034
68,2021-03-03,32500,33500,32500,33200,46431,1.8404907975460123,35382.5,42.792334136858955,31976.28876168842,35382.5,38788.711238311575,19.253649336884486,0.1796293818404168
69,2021-03-04,33000,33000,32300,32500,49223,-2.108433734939759,35112.5,40.26927636871338,31691.261189276596,35112.5,38533.7388107234,19.48729831668723,0.11819385542285492
70,2021-03-05,32000,32200,31150,31800,84256,-2.1538461538461537,34805.0,37.86500273313124,31353.782823408517,34805.0,38256.21717659148,19.831732087869458,0.06464634848511318
71,2021-03-08,31700,32900,31700,31700,61189,-0.3144654088050315,34520.0,37.5203642596367,31031.81995877505,34520.0,38008.18004122495,20.209617851824742,0.09577774560488346
72,2021-03-09,31400,31400,29900,30700,107926,-3.1545741324921135,34240.0,34.17095957423707,30479.86702362801,34240.0,38000.13297637199,21.96339355357472,0.029271966943093232
73,2021-03-10,31550,31600,30400,30400,40903,-0.9771986970684038,33915.0,33.21306980699437,30009.862358379658,33915.0,37820.13764162034,23.02897031767856,0.049951842601182156
74,2021-03-11,30300,31000,30250,30950,44290,1.8092105263157896,33642.5,36.715594318681745,29708.510294878735,33642.5,37576.48970512126,23.387023586958538,0.15779015683557776
75,2021-03-12,31500,33300,31500,33300,152169,7.592891760904685,33525.0,49.01814564187077,29698.9707267194,33525.0,37351.0292732806,22.82493227907889,0.4705961476077425
76,2021-03-15,34000,34500,33700,34450,143449,3.453453453453453,33522.5,53.75586965026476,29698.95779413904,33522.5,37346.04220586096,22.811796291213124,0.6212880556906458
77,2021-03-16,34650,35500,34150,35200,121791,2.1770682148040637,33547.5,56.58921722044847,29687.12760863669,33547.5,37407.87239136331,23.01436703994819,0.7140337553570076
78,2021-03-17,35000,35500,33500,35500,72753,0.8522727272727272,33552.5,57.70549394298737,29682.29651697742,33552.5,37422.703483022575,23.069538681305872,0.7516017579622235
79,2021-03-18,35500,35950,34500,34750,120451,-2.112676056338028,33455.0,53.969168715431564,29815.508277245284,33455.0,37094.49172275471,21.757535332564423,0.677909458057487
80,2021-03-19,34000,34700,33700,34450,52307,-0.8633093525179856,33322.5,52.50473192948733,30048.8972446248,33322.5,36596.1027553752,19.648002132944402,0.6722108765562138
81,2021-03-22,34500,34700,33650,34450,57721,0.0,33235.0,52.50473192948733,30188.017886498168,33235.0,36281.98211350183,18.335983833319272,0.6993776062248735
82,2021-03-23,34450,34950,34200,34400,41971,-0.1451378809869375,33205.0,52.23078303384737,30216.873496653785,33205.0,36193.12650334622,17.998051518423228,0.6999580671470556
83,2021-03-24,34550,34700,34050,34550,39074,0.436046511627907,33207.5,53.0226739115798,30214.963450515585,33207.5,36200.036549484415,18.023257092430416,0.7243080373122426
84,2021-03-25,34550,35550,34250,35500,117137,2.7496382054992763,33335.0,57.79468449811431,30184.111236492143,33335.0,36485.88876350786,18.90438736167906,0.8435538609096636
85,2021-03-26,35900,35900,34950,35550,56088,0.1408450704225352,33422.5,58.036296219839095,30130.771730534234,33422.5,36714.22826946576,19.69767832726914,0.8231585091234289
86,2021-03-29,35850,36050,35450,35600,90419,0.140646976090014,33577.5,58.29341874463429,30183.75943831882,33577.5,36971.24056168118,20.21437308722318,0.7979750460061832
87,2021-03-30,35700,35850,35000,35150,55580,-1.2640449438202246,33705.0,55.025597647180696,30276.312204355712,33705.0,37133.68779564429,20.345276936029013,0.7107220146779893
88,2021-03-31,35500,36150,35250,35900,104746,2.1337126600284493,33840.0,59.13710706023064,30290.971964044227,33840.0,37389.02803595577,20.975343002102676,0.7902203052680634
89,2021-04-01,36000,36900,35250,35850,146250,-0.1392757660167131,34007.5,58.75149709388462,30411.35275607351,34007.5,37603.64724392649,21.149142065288483,0.7561769409069368
90,2021-04-02,35900,36100,35150,35150,61147,-1.9525801952580195,34175.0,53.49260079061861,30695.560389947816,34175.0,37654.439610052184,20.36248491617957,0.6401087688349586
91,2021-04-05,35400,35500,34850,34950,55061,-0.5689900426742532,34337.5,52.05880756276003,31036.60996850848,34337.5,37638.39003149152,19.226152349422765,0.5927780074701909
92,2021-04-06,35050,35050,34300,34400,52676,-1.5736766809728182,34522.5,48.23029475408998,31674.083773392646,34522.5,37370.916226607354,16.5017957946693,0.47849682239981034
93,2021-04-07,34400,35100,34200,34200,61244,-0.5813953488372093,34712.5,46.88016046414489,32569.867273656055,34712.5,36855.132726343945,12.345021109651826,0.38040414166675734
94,2021-04-08,34200,35050,34150,34900,60318,2.046783625730994,34910.0,51.95009458516803,33640.90583485697,34910.0,36179.09416514303,7.270662647625511,0.4960601820279928
95,2021-04-09,35100,35350,34800,35000,37327,0.2865329512893982,34995.0,52.64542961022516,33963.060079268136,34995.0,36026.939920731864,5.897642067334555,0.5024226216563334
96,2021-04-12,35250,35250,34700,34750,43226,-0.7142857142857143,35010.0,50.67124467625516,34001.73416203856,35010.0,36018.26583796144,5.759873395952224,0.37106574962130956
97,2021-04-13,34250,34950,34250,34800,50679,0.1438848920863309,34990.0,51.06647326856015,33981.73416203856,34990.0,35998.26583796144,5.763165692834734,0.405778817030957
98,2021-04-14,35000,35500,34750,35250,78621,1.293103448275862,34977.5,54.59263095836245,33988.82664645997,34977.5,35966.17335354003,5.65319621779731,0.6378109357475303
99,2021-04-15,35300,35500,34750,34850,69581,-1.1347517730496457,34982.5,51.06980207534772,33997.47461961628,34982.5,35967.52538038372,5.631532225448259,0.43274284975866084
100,2021-04-16,35000,35250,34500,35250,185197,1.1477761836441895,35022.5,54.24917271079033,34062.56510637435,35022.5,35982.43489362565,5.481818223288744,0.61849761973999
101,2021-04-19,35650,36300,35400,35900,132273,1.8439716312056735,35095.0,58.920375292928476,34100.56548732454,35095.0,36089.43451267546,5.667100798834383,0.9047526457193236
102,2021-04-20,36000,36250,35600,36100,81475,0.5571030640668524,35180.0,60.26471014669989,34147.81784553303,35180.0,36212.18215446697,5.868005426190863,0.9456577727189516
103,2021-04-21,36200,36200,35000,35200,75494,-2.4930747922437675,35212.5,52.015522976955495,34221.60394086964,35212.5,36203.39605913036,5.628092632618316,0.49369257759942536
104,2021-04-22,35300,36800,35300,36650,242812,4.119318181818182,35270.0,61.22457332020293,34101.4966837873,35270.0,36438.5033162127,6.626046590375391,1.0904989660075564
105,2021-04-23,36850,36850,35800,36200,114831,-1.227830832196453,35302.5,57.53420756147904,34070.235823778,35302.5,36534.764176222,6.98117230350259,0.8641670419859342
106,2021-04-26,36700,36850,36350,36600,87276,1.1049723756906076,35352.5,59.85081546937995,34000.658663156035,35352.5,36704.341336843965,7.64778353352077,0.9614076985219425
107,2021-04-27,36600,36700,35700,36150,69839,-1.2295081967213115,35402.5,56.14037220511873,34010.927148870716,35402.5,36794.072851129284,7.861438322882755,0.7685809799297938
108,2021-04-28,36150,36150,34800,35150,96097,-2.7662517289073305,35365.0,48.88727172652807,33988.736943749456,35365.0,36741.263056250544,7.783192740000247,0.4218899326609331
109,2021-04-29,34800,35150,33550,33850,151496,-3.698435277382646,35265.0,41.39922343413623,33759.64289950853,35265.0,36770.35710049147,8.537400257997845,0.03001184916920056
110,2021-04-30,33900,34350,33550,33900,57375,0.1477104874446085,35202.5,41.76866090991304,33583.711873035856,35202.5,36821.288126964144,9.197006615803673,0.09769287335869793
111,2021-05-03,33900,34350,33150,33600,51034,-0.8849557522123894,35135.0,40.13378921020368,33373.43819296623,35135.0,36896.56180703377,10.027390391539907,0.06430708423886415
112,2021-05-04,33050,34200,33050,34200,56455,1.7857142857142856,35125.0,44.78834824573423,33344.69103804983,35125.0,36905.30896195017,10.136990530677123,0.24021363151855818
113,2021-05-06,34650,35150,33900,34100,87132,-0.2923976608187134,35120.0,44.171928466408296,33328.799285395384,35120.0,36911.200714604616,10.200459650367973,0.215274789786707
114,2021-05-07,34400,34600,33800,33850,56625,-0.7331378299120235,35067.5,42.593658977611184,33193.92720984743,35067.5,36941.07279015257,10.685522436173482,0.1750860157664712
115,2021-05-10,33850,34300,33850,34000,44068,0.4431314623338257,35017.5,43.8891009429921,33086.884813071214,35017.5,36948.115186928786,11.026573495702355,0.2364829597091706
116,2021-05-11,33550,33950,33550,33600,45983,-1.1764705882352942,34960.0,41.217953068324036,32934.75927356769,34960.0,36985.24072643231,11.586045345722608,0.1642374453935182
117,2021-05-12,33600,34150,31950,33000,86867,-1.7857142857142856,34870.0,37.52837310751467,32671.727951321747,34870.0,37068.27204867826,12.608385710801576,0.07466592883160923
118,2021-05-13,32300,32700,32100,32150,49568,-2.5757575757575757,34715.0,33.0190857742899,32227.611811558138,34715.0,37202.38818844186,14.33033667545361,-0.01560106539035124
119,2021-05-14,32450,32700,32100,32350,26805,0.6220839813374806,34590.0,34.99819313542552,31899.349521026543,34590.0,37280.65047897345,15.557389297331342,0.08374377915213102
120,2021-05-17,32400,32750,31900,32100,36680,-0.7727975270479135,34432.5,33.65938258838079,31552.695319123173,34432.5,37312.30468087683,16.727247111750973,0.09502461825122573
121,2021-05-18,32050,32400,31850,32000,36865,-0.3115264797507788,34237.5,33.11371756531508,31255.23995097676,34237.5,37219.760049023236,17.421015255338375,0.12486504140830487
122,2021-05-20,32000,32600,31800,32250,36873,0.78125,34045.0,35.91094964072085,31071.466748126048,34045.0,37018.53325187395,17.46825232412367,0.1981705183776284
123,2021-05-21,32300,32700,32050,32100,32427,-0.4651162790697674,33890.0,34.96607485907947,30850.98700233117,33890.0,36929.01299766883,17.934570656056838,0.20549648827216657
124,2021-05-24,32200,32200,31550,31750,34860,-1.0903426791277258,33645.0,32.79761634387325,30748.812851350922,33645.0,36541.18714864908,17.216151871892276,0.17284572737574647
125,2021-05-25,31550,32050,31550,31700,26037,-0.1574803149606299,33420.0,32.487653792634966,30656.596301659836,33420.0,36183.40369834016,16.53742488533909,0.18878958926031764
126,2021-05-26,31700,31850,31400,31600,35373,-0.3154574132492113,33170.0,31.839544175107193,30715.12729454253,33170.0,35624.87270545747,14.801764880660055,0.18022781863399562
127,2021-05-27,31650,31700,30900,31200,53754,-1.2658227848101269,32922.5,29.319910347130957,30735.841590462725,32922.5,35109.158409537275,13.283671711062492,0.10613418344465987
128,2021-05-28,31100,31500,31000,31500,43597,0.9615384615384616,32740.0,33.56616337657485,30724.906950039258,32740.0,34755.09304996074,12.309670433480404,0.19232190046406106
129,2021-05-31,31900,32100,31450,31800,38708,0.9523809523809524,32637.5,37.60313966832498,30650.32235318528,32637.5,34624.67764681472,12.177266315218517,0.2892739983910241
130,2021-06-01,31950,33400,31900,32900,109606,3.459119496855346,32587.5,49.67797210506733,30681.22745914964,32587.5,34493.77254085036,11.699409533412267,0.5819662438878226
131,2021-06-02,33150,33150,32250,32600,39837,-0.911854103343465,32537.5,47.00627357230652,30688.4799892916,32537.5,34386.5200107084,11.365470676655553,0.5169008446739451
132,2021-06-03,32600,32600,32200,32300,49905,-0.9202453987730062,32442.5,44.43284343634272,30756.89180115897,32442.5,34128.10819884103,10.391358242065374,0.4577303906987465
133,2021-06-04,32300,32350,31600,32350,45429,0.1547987616099071,32355.0,44.973549809559145,30850.706145728138,32355.0,33859.29385427186,9.298679364993738,0.4983380906643336
134,2021-06-07,32600,32600,32050,32200,54616,-0.463678516228748,32272.5,43.602783361447706,30933.293145178795,32272.5,33611.706854821205,8.299368532473187,0.47293173950723266
135,2021-06-08,32200,32350,31500,31700,57399,-1.5527950310559009,32157.5,39.3025640042585,31057.829594833023,32157.5,33257.17040516697,6.839277961078907,0.29198312610289306
136,2021-06-09,31500,31650,31200,31200,47742,-1.5772870662460567,32037.5,35.529060139034016,31078.920321517242,32037.5,32996.079678482754,5.984110361187709,0.06315577160701102
137,2021-06-10,31050,31600,31000,31350,36361,0.4807692307692308,31955.0,37.46872690351512,31060.069835126724,31955.0,32849.93016487327,5.601190204182596,0.16198479850901631
138,2021-06-11,31450,32050,31400,31950,48753,1.9138755980861244,31945.0,44.64303567070721,31054.55067522059,31945.0,32835.44932477941,5.574890122268956,0.5028075713355382
139,2021-06-14,32200,32200,31200,31550,42317,-1.2519561815336464,31905.0,41.24558120211219,31019.054177728623,31905.0,32790.94582227138,5.553648784023685,0.2996491483588372
140,2021-06-15,31600,31900,31550,31550,25121,0.0,31877.5,41.2455812021122,30983.36634108758,31877.5,32771.63365891242,5.609810423730961,0.3168618322688157
141,2021-06-16,31550,31550,31300,31300,38433,-0.7923930269413629,31842.5,39.089291495845295,30916.068674968235,31842.5,32768.931325031765,5.818835361744616,0.2072098139700753
142,2021-06-17,31300,32350,31250,32150,84717,2.7156549520766773,31837.5,48.87564925246864,30918.873307594367,31837.5,32756.126692405633,5.7707212714919995,0.6700908555039087
143,2021-06-18,32200,32500,31950,32500,61233,1.088646967340591,31857.5,52.2758125983555,30900.277455342744,31857.5,32814.722544657256,6.009401520252723,0.8356063872430284
144,2021-06-21,32450,32500,31650,31800,44791,-2.1538461538461537,31860.0,45.725723065880445,30903.652782719524,31860.0,32816.347217280476,6.003435136726151,0.46863064015043643
145,2021-06-22,31850,32150,31650,32050,34384,0.7861635220125787,31877.5,48.22104386617017,30920.695422251698,31877.5,32834.304577748306,6.003008879292944,0.5901437994819961
146,2021-06-23,32200,32600,31850,31850,38568,-0.62402496099844,31890.0,46.3837734272753,30941.52754388959,31890.0,32838.47245611041,5.948400477330878,0.47891346251422207
147,2021-06-24,32000,32050,31600,31850,34761,0.0,31922.5,46.3837734272753,31027.807315331065,31922.5,32817.19268466894,5.6054048690982015,0.45948329451982217
148,2021-06-25,32100,32450,31900,31900,34061,0.1569858712715855,31942.5,46.969602256272395,31068.84388916456,31942.5,32816.15611083544,5.470179922269339,0.47567692855753
149,2021-06-28,31900,32300,31700,31700,31641,-0.6269592476489028,31937.5,44.858246290146674,31059.505125299635,31937.5,32815.494874700365,5.498206651743971,0.36474864099801724
150,2021-06-29,32150,32600,31750,31900,49629,0.6309148264984227,31887.5,47.40436676236775,31128.63571700856,31887.5,32646.36428299144,4.759634860001184,0.5082359917841469
151,2021-06-30,31800,32100,31600,31800,35329,-0.3134796238244514,31847.5,46.25434619104953,31162.31754254789,31847.5,32532.68245745211,4.302896349491224,0.46533769984667184
152,2021-07-01,31650,31900,31550,31650,23801,-0.4716981132075472,31815.0,44.51004593576838,31157.656862818123,31815.0,32472.343137181877,4.1322843764380135,0.37449477246588564
153,2021-07-02,31650,31850,31600,31650,31244,0.0,31780.0,44.510045935768375,31167.301052718292,31780.0,32392.698947281708,3.8558775788653725,0.3939120096608976
154,2021-07-05,31750,31800,31500,31550,23571,-0.315955766192733,31747.5,43.24902265874787,31158.878729572134,31747.5,32336.121270427866,3.7081425021048333,0.33223508058378676
155,2021-07-06,31500,31650,31450,31550,32976,0.0,31740.0,43.249022658747876,31145.357250107165,31740.0,32334.642749892835,3.746961246961784,0.3402402114259013
156,2021-07-07,31550,31650,31250,31500,39373,-0.1584786053882725,31755.0,42.549979821173714,31201.917727638905,31755.0,32308.082272361095,3.483434245700485,0.26947371779662066
157,2021-07-08,31500,31500,30650,30900,72941,-1.9047619047619049,31732.5,35.19790053865007,31086.531734525517,31732.5,32378.468265474483,4.071335479237267,-0.14438150021851615
158,2021-07-09,30400,30700,29900,30100,70589,-2.5889967637540456,31640.0,28.201089694941135,30687.84455050653,31640.0,32592.15544949347,6.018681728783007,-0.30869148037710137
159,2021-07-12,30000,30450,30000,30300,25334,0.6644518272425249,31577.5,31.84849094082101,30460.148220120398,31577.5,32694.851779879602,7.076885629828846,-0.07166418983001686
160,2021-07-13,30350,31000,30350,30900,38520,1.98019801980198,31545.0,41.45682129784771,30389.18859669922,31545.0,32700.81140330078,7.328016505314824,0.22097523949062925
161,2021-07-14,31500,31500,30900,31050,42815,0.4854368932038834,31532.5,43.597708997511,30361.058580209785,31532.5,32703.941419790215,7.430057368050203,0.2940571368534982
162,2021-07-15,31150,31200,30850,31050,27523,0.0,31477.5,43.597708997511006,30324.0378202992,31477.5,32630.9621797008,7.328804255107936,0.31468833242937777
163,2021-07-16,31050,31150,30750,31150,28508,0.322061191626409,31410.0,45.14860741630716,30349.528406792466,31410.0,32470.471593207534,6.752445674673888,0.3774130294176027
164,2021-07-19,31150,31150,30450,30800,26452,-1.1235955056179776,31360.0,40.90871201871573,30283.61716847577,31360.0,32436.38283152423,6.864686425537192,0.23986950386090714
165,2021-07-20,31000,32000,30800,31800,120686,3.2467532467532463,31347.5,54.15559648155811,30297.988208736973,31347.5,32397.011791263027,6.695983994022022,0.7155764250420867
166,2021-07-21,32100,32250,31300,31650,77903,-0.4716981132075472,31337.5,52.26298931009786,30303.635889006622,31337.5,32371.364110993378,6.598255195809352,0.6511320475665499
167,2021-07-22,31750,32500,31350,31350,99823,-0.9478672985781992,31312.5,48.604449027613136,30305.586398939748,31312.5,32319.413601060252,6.4313842782291575,0.5186212600368659
168,2021-07-23,31350,31700,31000,31150,41745,-0.6379585326953748,31275.0,46.2785708818676,30303.146101515187,31275.0,32246.853898484813,6.214893035874103,0.4356899220166305
169,2021-07-26,31050,31150,30650,30750,32419,-1.2841091492776886,31227.5,41.95439748000425,30250.527636010043,31227.5,32204.472363989957,6.257128261884279,0.25562256538665573
170,2021-07-27,30550,31150,30550,30950,24429,0.6504065040650406,31180.0,44.734933628975,30247.047696824684,31180.0,32112.952303175316,5.984299571361873,0.37673539192883077
171,2021-07-28,30950,31000,30350,30550,32357,-1.292407108239095,31117.5,40.551081363192544,30191.608537678345,31117.5,32043.391462321655,5.9509373331511535,0.1935385932941834
172,2021-07-29,30550,30950,30550,30600,23760,0.1636661211129296,31065.0,41.29023477128176,30146.795229809748,31065.0,31983.204770190252,5.91150664857719,0.24678850780548003
173,2021-07-30,30500,30800,29950,30200,45706,-1.30718954248366,30992.5,37.29521934634044,30042.092192792938,30992.5,31942.907807207062,6.133147098214487,0.0830737111004495
174,2021-08-02,30200,30200,29650,29850,39172,-1.1589403973509933,30907.5,34.17903171312672,29871.510135184646,30907.5,31943.489864815354,6.703808880144651,-0.010381440936432252
175,2021-08-03,29650,29900,29600,29800,34266,-0.1675041876046901,30820.0,33.74525149134269,29722.092900104868,30820.0,31917.907099895132,7.124640492505724,0.03547982333959466
176,2021-08-04,30000,30050,29550,30050,48619,0.8389261744966443,30747.5,37.98336767481003,29647.284112094294,30747.5,31847.715887905706,7.156457519510243,0.18301675713495094
177,2021-08-05,30100,30200,30000,30100,29892,0.1663893510815307,30707.5,38.826190050567824,29574.68271552728,30707.5,31840.31728447272,7.378114691672846,0.231863201450547
178,2021-08-06,30250,30300,29850,30000,28194,-0.3322259136212624,30702.5,37.722016209087776,29558.177056071956,30702.5,31846.822943928044,7.454265573995889,0.19304993676497767
179,2021-08-09,30000,30000,29600,29700,37290,-1.0,30672.5,34.54778321157557,29458.220378166487,30672.5,31886.779621833513,7.917708839080697,0.09955681438037965
180,2021-08-10,29700,30000,29250,29350,40930,-1.1784511784511784,30595.0,31.244478354599465,29257.128556250584,30595.0,31932.871443749416,8.745686836080512,0.03470865761554112
181,2021-08-11,29800,29800,28600,28800,51861,-1.8739352640545144,30482.5,26.892911834093614,28952.050719559727,30482.5,32012.949280440273,10.04149449973114,-0.049675190645973644
182,2021-08-12,28800,29050,28450,28800,41242,0.0,30370.0,26.892911834093617,28698.653237655286,30370.0,32041.346762344714,11.006564124759395,0.03031889151552722
183,2021-08-13,28750,28750,27600,28000,62816,-2.7777777777777777,30212.5,21.776580155321298,28290.03413554358,30212.5,32134.96586445642,12.726294510261772,-0.07543284406394102
184,2021-08-17,28000,28000,27050,27150,54016,-3.0357142857142856,30030.0,17.883546683952247,27712.803417920662,30030.0,32347.196582079338,15.432544669193058,-0.12144058520396024
185,2021-08-18,26650,27350,26600,27150,37247,0.0,29797.5,17.883546683952247,27310.438480857345,29797.5,32284.561519142655,16.693088474822755,-0.03225462651857757
186,2021-08-19,27100,27100,25700,25800,72027,-4.972375690607735,29505.0,13.453425953824276,26614.861595009646,29505.0,32395.138404990354,19.590838196850388,-0.14097276338092296
187,2021-08-20,25550,25900,24400,24400,74572,-5.426356589147287,29157.5,10.538015573846327,25635.95559448696,29157.5,32679.04440551304,24.155324739864795,-0.17548487995097417
188,2021-08-23,24250,25250,24250,25200,33165,3.278688524590164,28860.0,21.064552387986687,25067.164648972986,28860.0,32652.835351027014,26.28437526699247,0.017511352159149847
189,2021-08-24,25200,26150,25200,25900,30848,2.7777777777777777,28617.5,28.94309698476937,24720.286251692087,28617.5,32514.713748307913,27.23657725732795,0.15135348283374497
190,2021-08-25,26400,26400,25600,26300,15418,1.5444015444015444,28385.0,33.05496288860981,24517.42970328913,28385.0,32252.57029671087,27.250803570272115,0.23045092395952518
191,2021-08-26,26300,26800,26050,26300,22387,0.0,28172.5,33.0549628886098,24337.206660501673,28172.5,32007.793339498327,27.22721334278695,0.2558856866675899
192,2021-08-27,26300,27250,26050,26850,32208,2.091254752851711,27985.0,38.71070214131867,24278.235912551187,27985.0,31691.764087448813,26.491077987842154,0.34690150583859175
193,2021-08-30,27850,27850,26900,27200,40718,1.303538175046555,27835.0,42.065003043324225,24258.395464969573,27835.0,31411.604535030427,25.698613508391787,0.41122865363215255
194,2021-08-31,27400,27400,26950,27250,19216,0.1838235294117647,27705.0,42.54873371099979,24243.65633026707,27705.0,31166.34366973293,24.987140730791776,0.4342740791706611
195,2021-09-01,27000,27350,26950,27250,15944,0.0,27577.5,42.54873371099979,24248.91546599756,27577.5,30906.08453400244,24.13985701388769,0.4508049147235868
196,2021-09-02,27600,27600,26900,27250,14370,0.0,27437.5,42.54873371099979,24307.02479645658,27437.5,30567.97520354342,22.81895364769692,0.4700524700231188
197,2021-09-03,27250,27350,27050,27300,13036,0.1834862385321101,27297.5,43.14167371882016,24415.230928591114,27297.5,30179.769071408886,21.1174581658312,0.5004336860886444
198,2021-09-06,27300,27500,26800,27500,26235,0.7326007326007326,27172.5,45.56191499523377,24566.2622901968,27172.5,29778.7377098032,19.182907055318438,0.5628300324962933
199,2021-09-07,27500,28150,27250,27900,44459,1.4545454545454546,27082.5,50.133705956423995,24718.546743270872,27082.5,29446.453256729128,17.457422739622473,0.6729095103029088
200,2021-09-08,27950,27950,26050,27300,41742,-2.1505376344086025,26980.0,44.14490287378847,24852.2312155687,26980.0,29107.7687844313,15.772933909794666,0.5751961402811744
201,2021-09-09,27000,27700,25950,25950,116966,-4.945054945054945,26837.5,34.23538294472467,24838.531516006253,26837.5,28836.468483993747,14.896830807591968,0.27801050714244874
202,2021-09-10,26100,26950,26000,26700,45435,2.8901734104046244,26732.5,42.02197852356164,24947.766126280934,26732.5,28517.233873719066,13.352539969842445,0.4908950010759095
203,2021-09-13,26750,27050,26100,26250,27921,-1.6853932584269662,26645.0,39.03555360950217,24947.973188190517,26645.0,28342.026811809483,12.738050754809404,0.383619988425868
204,2021-09-14,26250,26550,26100,26400,14705,0.5714285714285714,26607.5,40.55216589102065,24923.67251477467,26607.5,28291.32748522533,12.656788388426802,0.43838442422970897
205,2021-09-15,26350,26400,26050,26150,30460,-0.946969696969697,26557.5,38.81886408275453,24881.709141927233,26557.5,28233.290858072767,12.620094949244223,0.37841561551760616
206,2021-09-16,26150,26400,25950,26100,19854,-0.1912045889101338,26572.5,38.46475441952126,24918.87519370316,26572.5,28226.12480629684,12.44613646662407,0.35713204162130174
207,2021-09-17,25900,26150,25450,25700,40712,-1.532567049808429,26637.5,35.66205818524252,25249.7410151614,26637.5,28025.2589848386,10.419588811552146,0.16222520976542887
208,2021-09-23,25500,25750,25150,25250,28312,-1.7509727626459144,26640.0,32.7692675303804,25262.4659713821,26640.0,28017.5340286179,10.341847061695956,-0.004524741720756487
209,2021-09-24,25150,25650,25050,25400,22930,0.594059405940594,26615.0,34.671555867771964,25168.24501037658,26615.0,28061.75498962342,10.871726392060264,0.0800947607872926
210,2021-09-27,25050,25300,25050,25200,21667,-0.7874015748031495,26560.0,33.317896188120514,24991.0513074035,26560.0,28128.9486925965,11.814372685214604,0.06658875895128985
211,2021-09-28,25200,25500,24650,24800,36888,-1.5873015873015872,26485.0,30.733479299918848,24739.9785101609,26485.0,28230.0214898391,13.177432432237861,0.01719792283034663
212,2021-09-29,24250,24650,23650,24500,53368,-1.2096774193548387,26367.5,28.92150577898768,24430.679151289343,26367.5,28304.320848710657,14.69097069278966,0.01789552419285544
213,2021-09-30,24300,25100,24300,24900,28705,1.6326530612244898,26252.5,34.469158688620034,24254.882669278155,26252.5,28250.117330721845,15.218492187196228,0.16147169950931742
214,2021-10-01,24900,25250,24250,24300,28729,-2.4096385542168677,26105.0,30.609860343318246,23991.495800808458,26105.0,28218.504199191542,16.192332497157956,0.07298405163082981
215,2021-10-05,24000,24200,22750,23350,47092,-3.909465020576132,25910.0,25.702859331798255,23549.788145102164,25910.0,28270.211854897836,18.218539983773336,-0.04232419744176143
216,2021-10-06,23350,24100,22500,22650,50240,-2.9978586723768736,25680.0,22.802235895044703,23010.655511178767,25680.0,28349.344488821233,20.789287296115514,-0.06755507067168219
217,2021-10-07,22400,23150,22400,22700,70054,0.2207505518763796,25450.0,23.466617300678497,22592.553587554037,25450.0,28307.446412445963,22.455374557532124,0.018801124664659778
218,2021-10-08,22900,23100,22150,22350,58064,-1.5418502202643172,25192.5,22.036912987329814,22195.622458290913,25192.5,28189.377541709087,23.791823294306536,0.025756398044387143
219,2021-10-12,22000,22700,22000,22200,57606,-0.6711409395973155,24907.5,21.434199509146296,21910.622458290913,24907.5,27904.377541709087,24.06405734585235,0.04827984088132918
220,2021-10-13,22350,23450,22200,22550,73305,1.5765765765765765,24670.0,26.48649502178157,21716.629044633857,24670.0,27623.370955366143,23.943015446827264,0.14108809356507437
221,2021-10-14,22950,23400,22700,23100,66883,2.4390243902439024,24527.5,33.701523988756065,21559.929444815116,24527.5,27495.070555184884,24.197904843011997,0.2594833933255776
222,2021-10-15,23200,23650,22950,23600,134284,2.1645021645021645,24372.5,39.51347057263921,21554.970053397778,24372.5,27190.029946602222,23.12056577373862,0.3629118386245388
223,2021-10-18,23800,23900,23200,23650,32077,0.211864406779661,24242.5,40.0791633330294,21546.1552520124,24242.5,26938.8447479876,22.24477465597691,0.3901290347901157
224,2021-10-19,23650,25150,23650,24600,90480,4.0169133192389,24152.5,49.70400591012306,21636.05906089566,24152.5,26668.94093910434,20.837933457027976,0.5889152598509376
225,2021-10-20,24600,25100,24100,24100,60088,-2.032520325203252,24050.0,45.55641084058118,21706.285000261265,24050.0,26393.714999738735,19.490353428180747,0.5106668259591234
226,2021-10-21,24700,24700,23900,24100,28056,0.0,23950.0,45.556410840581194,21802.210438613612,23950.0,26097.789561386388,17.935612203644155,0.5349196221773179
227,2021-10-22,23800,24050,23550,23700,26062,-1.6597510373443984,23850.0,42.28279300576018,21856.76142923123,23850.0,25843.23857076877,16.71478885340689,0.46237279315186375
228,2021-10-25,23700,23800,23150,23800,22242,0.4219409282700421,23777.5,43.378228037927826,21890.57790303883,23777.5,25664.42209696117,15.871492772252513,0.5059620903364891
229,2021-10-26,23550,24150,23550,23900,27908,0.4201680672268907,23702.5,44.51235658613145,21966.275648137504,23702.5,25438.724351862496,14.650136921105338,0.5568762901488326
230,2021-10-27,23700,24000,23200,23500,25332,-1.6736401673640169,23617.5,40.97677190732681,22022.10819859185,23617.5,25212.89180140815,13.510251308632583,0.4631751899764402
231,2021-10-28,23500,23900,23300,23750,27682,1.0638297872340423,23565.0,43.97213471019066,22062.302425635702,23565.0,25067.697574364298,12.753639502349229,0.561555965470385
232,2021-10-29,23950,23950,22800,22950,32035,-3.3684210526315788,23487.5,37.426646421868256,22026.378855125164,23487.5,24948.621144874836,12.441691494410527,0.3160659018982154
233,2021-11-01,22950,23050,21600,22300,56667,-2.832244008714597,23357.5,33.11364552189455,21960.977533299105,23357.5,24754.022466700895,11.957807699461801,0.12138095690712093
234,2021-11-02,22300,22800,22300,22600,35588,1.345291479820628,23272.5,36.73723812114359,21909.241037073163,23272.5,24635.758962926837,11.715621123015032,0.25334840324241037
235,2021-11-03,22650,22650,22050,22050,28762,-2.433628318584071,23207.5,33.18745436874293,21744.873937056924,23207.5,24670.126062943076,12.60477055213251,0.10430761172445736
236,2021-11-04,22050,22300,21650,21850,43887,-0.90702947845805,23167.5,31.977438526784425,21605.682148904565,23167.5,24729.317851095435,13.482834583752538,0.07821585946276453
237,2021-11-05,21850,21900,21350,21600,36657,-1.1441647597254003,23112.5,30.48138705061643,21416.954365108282,23112.5,24808.045634891718,14.672109333838554,0.05397838640403435
238,2021-11-08,21350,21450,20800,21200,40667,-1.8518518518518516,23055.0,28.207484307849153,21190.35526171864,23055.0,24919.64473828136,16.175621238615143,0.0025862133636914315
239,2021-11-09,21250,21650,20800,20950,31661,-1.179245283018868,22992.5,26.85886457458615,20942.798802264006,22992.5,25042.201197735994,17.82930257898005,0.0017566457354731674
240,2021-11-10,20950,20950,20300,20300,39764,-3.1026252983293556,22880.0,23.68778178997757,20521.73792804948,22880.0,25238.26207195052,20.614178950616445,-0.047012995435676726
241,2021-11-11,20050,20700,20050,20400,33195,0.4926108374384236,22745.0,25.15188642764841,20154.8455644498,22745.0,25335.1544355502,22.775594069467584,0.04732428927507662
242,2021-11-12,20400,20950,20400,20950,20665,2.696078431372549,22612.5,32.789576692770204,19941.00697174775,22612.5,25283.99302825225,23.62846238365728,0.18884440602720873
243,2021-11-15,21200,21650,20950,21600,32586,3.1026252983293556,22510.0,40.51502698593917,19848.308808294925,22510.0,25171.691191705075,23.648966607774987,0.32905605225055135
244,2021-11-16,21850,22500,21500,21550,33452,-0.2314814814814814,22357.5,40.13288140256696,19847.06677045567,22357.5,24867.93322954433,22.45719091619663,0.33917118557529424
245,2021-11-17,21700,21750,20750,21000,35455,-2.5522041763341066,22202.5,36.09931641369413,19759.658416924998,22202.5,24645.341583075002,22.005103777277352,0.2538727012976592
246,2021-11-18,20750,20950,20250,20500,38065,-2.380952380952381,22022.5,32.86546205041502,19635.561584372066,22022.5,24409.438415627934,21.677270206633523,0.18107681580057133
247,2021-11-19,20300,21600,20300,21600,51798,5.365853658536586,21917.5,44.61946935838007,19653.37213258606,21917.5,24181.62786741394,20.66045732783337,0.4298847020591101
248,2021-11-22,21600,21800,21100,21300,22833,-1.3888888888888888,21792.5,42.43724027855728,19687.440618414672,21792.5,23897.559381585328,19.31911787619895,0.38301992706041943
249,2021-11-23,21300,21600,21100,21500,20172,0.9389671361502347,21672.5,44.38988466748623,19801.009951936583,21672.5,23543.990048063417,17.270642962864617,0.4539137276795835
250,2021-11-24,21550,21550,20850,21000,19832,-2.3255813953488373,21547.5,40.67509037732823,19855.614956623704,21547.5,23239.385043376296,15.7037711416758,0.3381982268406905
251,2021-11-25,21200,21250,20650,20800,18886,-0.9523809523809524,21400.0,39.25980642810611,20015.442308894133,21400.0,22784.557691105867,12.939791505662308,0.2833243049913034
252,2021-11-26,20800,20850,20050,20200,43573,-2.8846153846153846,21262.5,35.292437011558064,19978.41472245788,21262.5,22546.58527754212,12.078403551248622,0.08628137142349988
253,2021-11-29,19550,20000,19250,19650,37763,-2.722772277227723,21130.0,32.091074410054695,19757.629787557154,21130.0,22502.370212442846,12.989779578256938,-0.039213102478219554
254,2021-11-30,19650,19850,18700,18700,50264,-4.8346055979643765,20935.0,27.458014207879778,19360.166675485805,20935.0,22509.833324514195,15.044980410930929,-0.20959890332821526
255,2021-12-01,18450,19900,18300,19800,41422,5.88235294117647,20822.5,38.52514326673079,19260.93828171909,20822.5,22384.06171828091,14.998791867267723,0.17260339824235452
256,2021-12-02,19450,20400,19450,20300,21295,2.525252525252525,20745.0,42.797088451410396,19242.368974098954,20745.0,22247.631025901046,14.486681377691456,0.35192639033486023
257,2021-12-03,20300,20300,19900,20300,24234,0.0,20680.0,42.7970884514104,19219.041410579877,20680.0,22140.958589420123,14.129193321277782,0.3699484014290823
258,2021-12-06,20050,20300,19850,20300,11024,0.0,20635.0,42.7970884514104,19185.482839011405,20635.0,22084.517160988595,14.049112294534478,0.38444427944146436
259,2021-12-07,20400,20500,20050,20400,12508,0.4926108374384236,20607.5,43.77310303812839,19162.067538762036,20607.5,22052.932461237964,14.028217505645655,0.42822217379071337
260,2021-12-08,20500,20600,20150,20200,20909,-0.9803921568627452,20602.5,42.221479702204284,19152.163832071874,20602.5,22052.836167928126,14.079225025391345,0.36123906687958063
261,2021-12-09,20250,20600,20150,20300,17820,0.495049504950495,20597.5,43.30363324348226,19143.72044312061,20597.5,22051.27955687939,14.116077746128335,0.3976804981910056
262,2021-12-10,20050,20450,20050,20200,15395,-0.4926108374384236,20560.0,42.44746539293473,19105.83357211066,20560.0,22014.16642788934,14.14558781993522,0.37621774471766467
263,2021-12-13,20450,20600,20250,20250,23857,0.2475247524752475,20492.5,43.05371941290003,19114.358135023667,20492.5,21870.641864976333,13.450207295120975,0.41201921726535584
264,2021-12-14,20250,20600,20000,20300,14041,0.2469135802469135,20430.0,43.692484578781304,19138.721563720494,20430.0,21721.278436279506,12.641002802540445,0.44966228957769855
265,2021-12-15,20300,20350,20000,20250,16480,-0.2463054187192118,20392.5,43.17098673225781,19126.295040287536,20392.5,21658.704959712464,12.41833968088723,0.44372948908983917
266,2021-12-16,20200,20500,20150,20350,13215,0.4938271604938271,20385.0,44.595304938727416,19119.654197462034,20385.0,21650.345802537966,12.41447929887629,0.4861697885551132
267,2021-12-17,20050,20500,19800,20400,22749,0.2457002457002457,20325.0,45.33306698151022,19188.558184507256,20325.0,21461.441815492744,11.18269929144152,0.5329977298342727
268,2021-12-20,20400,21350,20400,20550,44171,0.7352941176470588,20287.5,47.58786441780444,19235.89408521992,20287.5,21339.10591478008,10.36703304773955,0.6248091116218645
269,2021-12-21,20550,20700,19900,20300,30209,-1.2165450121654502,20227.5,44.3077010596457,19334.485442447633,20227.5,21120.514557552367,8.829707650993623,0.5405928433007368
270,2021-12-22,20350,20550,20150,20350,15216,0.2463054187192118,20195.0,45.122421987399754,19372.26067311666,20195.0,21017.73932688334,8.147950749030356,0.5941975148964638
271,2021-12-23,20350,20550,20200,20300,12567,-0.2457002457002457,20170.0,44.42257652026356,19393.211740562172,20170.0,20946.788259437828,7.702412091599682,0.5836778867474662
272,2021-12-24,20300,20500,20300,20450,14359,0.7389162561576355,20182.5,47.07461438440304,19396.195351660408,20182.5,20968.804648339592,7.791944985404107,0.6700994649878194
273,2021-12-27,20500,21050,20450,20800,25984,1.7114914425427872,20240.0,52.741246773175504,19449.683607660547,20240.0,21030.316392339453,7.809450517188273,0.8542884884003971
274,2021-12-28,20800,21150,20300,20400,29834,-1.9230769230769231,20325.0,46.60041221231169,19969.3316151238,20325.0,20680.6683848762,3.499811905300865,0.605435291958977
275,2021-12-29,20400,20750,20200,20700,17446,1.4705882352941175,20370.0,51.1905610464565,20067.675670842644,20370.0,20672.324329157356,2.968329201348613,1.0457714913645584
276,2021-12-30,20800,21450,20550,21400,43733,3.3816425120772946,20425.0,59.86060261742922,19886.019480871113,20425.0,20963.980519128887,5.277655022069885,1.4044853806365933
277,2022-01-03,21500,21750,20900,21200,22521,-0.9345794392523364,20470.0,56.758440720973674,19838.018987626652,20470.0,21101.981012373348,6.174704566422548,1.0775489972859713
278,2022-01-04,21450,21450,20850,21100,22291,-0.4716981132075472,20510.0,55.21760745102674,19826.918745682156,20510.0,21193.081254317844,6.6609581113392835,0.9318666309978022
279,2022-01-05,20900,21200,20600,20750,26254,-1.6587677725118484,20527.5,50.09198984329178,19838.678542726462,20527.5,21216.321457273538,6.711206501264527,0.6615077446053216
280,2022-01-06,20650,20900,20400,20450,32878,-1.4457831325301205,20540.0,46.13858925163131,19866.501670380363,20540.0,21213.498329619637,6.557919470493057,0.4331846895219264
281,2022-01-07,20450,21150,20450,20950,26278,2.444987775061125,20572.5,52.82169463124194,19885.859628334863,20572.5,21259.140371665137,6.675322607025268,0.7748891672976815
282,2022-01-10,21150,21150,20500,20700,21174,-1.1933174224343674,20597.5,49.51358677714951,19930.810417060206,20597.5,21264.189582939794,6.473500016407763,0.5768723575580873
283,2022-01-11,20450,20750,19600,20150,57274,-2.657004830917874,20592.5,43.11603883838321,19914.064299288108,20592.5,21270.935700711892,6.589153339438071,0.17388213832521024
284,2022-01-12,20500,25850,20200,23250,1148266,15.384615384615383,20740.0,68.11943036016551,19410.112786736998,20740.0,22069.887213263002,12.824370426837053,1.4436890493297854
285,2022-01-13,23750,23750,22900,22900,175522,-1.5053763440860215,20872.5,64.66354268442444,19265.180803324856,20872.5,22479.819196675144,15.401309825609236,1.1307085749345962
286,2022-01-14,22700,23100,22200,22550,107722,-1.5283842794759823,20982.5,61.31365314277005,19238.001504729677,20982.5,22726.998495270323,16.62812815699105,0.9492695190766284
287,2022-01-17,22650,26700,22600,23650,2050231,4.878048780487805,21145.0,67.0849660812519,19073.068533951853,21145.0,23216.931466048147,19.597365486385875,1.104508411848645
288,2022-01-18,23250,30250,22950,27950,7861721,18.181818181818183,21515.0,79.78223828137752,17918.320976233714,21515.0,25111.679023766286,33.43415313749743,1.3945752397529134
289,2022-01-19,27050,27850,25500,25550,1304486,-8.586762075134168,21777.5,64.76517149182989,17825.098831090094,21777.5,25729.901168909906,36.2980247403045,0.977241534801043
290,2022-01-20,26700,28000,25600,26000,1908075,1.761252446183953,22060.0,66.05531103051294,17763.419964669527,22060.0,26356.580035330473,38.95358146265161,0.958504201900309
291,2022-01-21,25350,26100,24650,25000,445495,-3.8461538461538463,22295.0,60.733437434946346,17896.261544487967,22295.0,26693.738455512033,39.45941651053629,0.8074745210880157
292,2022-01-24,24650,25550,24150,24250,436286,-3.0,22485.0,57.02277772251806,18093.178054611002,22485.0,26876.821945388998,39.06446026585722,0.7009416617917633
293,2022-01-25,24200,24450,23200,23200,312556,-4.329896907216495,22605.0,52.213105195150284,18273.15281894659,22605.0,26936.84718105341,38.32645150235267,0.5686773996324714
294,2022-01-26,22950,23700,22850,23350,217640,0.646551724137931,22752.5,52.82526283138948,18531.543354877904,22752.5,26973.456645122096,37.10323388745937,0.5707777940209946
295,2022-01-27,23150,23300,21150,21150,338672,-9.421841541755889,22775.0,43.93556871000124,18593.433307957366,22775.0,26956.566692042634,36.72067347567626,0.3056948364482247
296,2022-01-28,21550,21650,20200,21200,177421,0.2364066193853428,22765.0,44.16554308882144,18569.395156833714,22765.0,26960.604843166286,36.86013479610178,0.31349530538498643
297,2022-02-03,21600,23750,21600,23100,397712,8.962264150943396,22860.0,52.19100325733679,18724.833739739068,22860.0,26995.166260260932,36.178182504470094,0.5290193894144484
298,2022-02-04,23100,23550,22700,23550,173826,1.948051948051948,22982.5,53.881770667752534,18918.601010113518,22982.5,27046.398989886482,35.36516036015649,0.5698221094338582
299,2022-02-07,23700,24600,23400,23800,215221,1.0615711252653928,23135.0,54.837348028849554,19190.49749651488,23135.0,27079.50250348512,34.09987035647392,0.5842945339003394
300,2022-02-08,23750,24000,22750,23050,151838,-3.1512605042016806,23265.0,51.396743411182264,19516.520308178213,23265.0,27013.479691821787,32.22419679193456,0.4713217067083124
301,2022-02-09,23150,23550,23000,23500,77592,1.9522776572668112,23392.5,53.29039657511921,19797.326151630445,23392.5,26987.673848369555,30.73783347970123,0.5149505982928687
302,2022-02-10,23650,23700,22750,22800,116927,-2.9787234042553195,23497.5,50.02530742217096,20106.11753852498,23497.5,26888.88246147502,28.865900299819295,0.3971658301705324
303,2022-02-11,22600,22750,21750,21900,110986,-3.9473684210526314,23585.0,46.11328524198313,20464.086672142214,23585.0,26705.913327857786,26.465239159277395,0.2300469729550942
304,2022-02-14,21400,21700,21000,21550,84627,-1.5981735159817352,23500.0,44.65093201094834,20257.007554742017,23500.0,26742.992445257983,27.599935704323265,0.19935175105767547
305,2022-02-15,21350,21550,20650,20650,79147,-4.176334106728538,23387.5,41.04631179864091,19920.675083740112,23387.5,26854.324916259888,29.646819166305825,0.10518629205058108
306,2022-02-16,21100,22000,21050,22000,64926,6.5375302663438255,23360.0,47.8474344250947,19858.486041724187,23360.0,26861.513958275813,29.97871539619703,0.30579828951050647
307,2022-02-17,22300,22350,20800,21800,88621,-0.9090909090909092,23267.5,46.982688741574144,19704.31673219011,23267.5,26830.68326780989,30.627985540430995,0.29407458307610457
308,2022-02-18,21100,21850,21100,21750,50729,-0.2293577981651376,22957.5,46.75518725455641,20061.42075384661,22957.5,25853.57924615339,25.229918293833293,0.29152849467019637
309,2022-02-21,21500,21850,21050,21700,33983,-0.2298850574712643,22765.0,46.51263684253949,20079.65086068862,22765.0,25450.34913931138,23.591909855579882,0.3017017630204495
310,2022-02-22,21400,21900,21100,21300,54862,-1.8433179723502304,22530.0,44.52274786333815,20222.10052211965,22530.0,24837.89947788035,20.487345564849974,0.23352392255626486
311,2022-02-23,21400,21750,21150,21400,46111,0.4694835680751174,22350.0,45.15446672138738,20292.8174607001,22350.0,24407.1825392999,18.4087922979857,0.26910167623644543
312,2022-02-24,21200,21350,20450,20500,69307,-4.205607476635514,22162.5,40.666283511014285,20149.076298937456,22162.5,24175.923701062544,18.16964422842679,0.08714601424363658
313,2022-02-25,21150,22500,20900,21750,206282,6.097560975609756,22090.0,48.345704690531285,20127.450637563375,22090.0,24052.549362436625,17.76866783555115,0.4133779749677559
314,2022-02-28,21950,22900,21950,22800,140523,4.827586206896552,22062.5,53.759629387275204,20156.752115310002,22062.5,23968.247884689998,17.275901504271932,0.6934935900820813
315,2022-03-02,23000,25150,22750,24950,521520,9.429824561403509,22252.5,62.44043721538274,20019.010577593795,22252.5,24485.989422406205,20.07405390321271,1.1038757051944985
316,2022-03-03,24700,24700,23750,24250,225498,-2.80561122244489,22405.0,58.58420115364491,20065.790731892423,22405.0,24744.209268107577,20.881136068802295,0.8943640325717004
317,2022-03-04,24250,24900,23500,24600,170668,1.443298969072165,22480.0,59.91714249762452,19966.75508555167,22480.0,24993.24491444833,22.35983019971823,0.921765500809807
318,2022-03-07,24200,25050,23200,23700,138962,-3.658536585365854,22487.5,55.01397043039082,19960.668980719052,22487.5,25014.331019280948,22.473205285433664,0.7399250267920641
319,2022-03-08,23250,24600,23200,23300,184891,-1.6877637130801686,22462.5,52.9404154678473,19978.57669200509,22462.5,24946.42330799491,22.116178590939672,0.6685841099248857
320,2022-03-10,23800,23800,22600,22850,109143,-1.9313304721030045,22452.5,50.62848535118874,19976.520395883603,22452.5,24928.479604116397,22.055268714988504,0.5802712589673887
321,2022-03-11,23100,23100,22000,22650,100948,-0.87527352297593,22410.0,49.59191121549864,19978.621790012836,22410.0,24841.378209987164,21.699046943214316,0.5493547237970161
322,2022-03-14,22400,22900,22200,22750,65490,0.4415011037527593,22407.5,50.141576943726115,19977.62860422606,22407.5,24837.37139577394,21.688018706004137,0.5704769809208174
323,2022-03-15,22700,22700,22200,22400,41856,-1.5384615384615383,22432.5,48.162073192870906,20013.765826925086,22432.5,24851.234173074914,21.5645529751469,0.49328160978544344
324,2022-03-16,22650,23200,22350,23100,54174,3.125,22510.0,52.22443716415975,20110.08333478006,22510.0,24909.91666521994,21.323115639448584,0.6229209348287787
325,2022-03-17,23450,23650,23050,23500,73397,1.7316017316017316,22652.5,54.422443212814194,20375.99500329993,22652.5,24929.00499670007,20.09937090122565,0.6861405973693231
326,2022-03-18,23700,23800,23400,23650,64911,0.6382978723404255,22735.0,55.25381453681615,20439.54797479878,22735.0,25030.45202520122,20.19311216363509,0.6993071495187949
327,2022-03-21,23550,23650,23000,23050,62598,-2.536997885835095,22797.5,51.22849576840056,20539.519707791856,22797.5,25055.480292208144,19.809016709798385,0.5559127997864571
328,2022-03-22,23050,23450,22900,23400,34352,1.5184381778741864,22880.0,53.362873465757524,20660.90108377288,22880.0,25099.09891622712,19.397717799188126,0.6171646735072306
329,2022-03-23,23750,23750,23100,23100,45650,-1.282051282051282,22950.0,51.29090390824065,20796.862754026028,22950.0,25103.137245973972,18.763723276461633,0.5348328933235622
330,2022-03-24,23100,23100,22500,22850,67658,-1.0822510822510822,23027.5,49.56382409790951,21010.20602043223,23027.5,25044.79397956777,17.520738070287873,0.45600542067794414
331,2022-03-25,22900,23200,22700,22800,43023,-0.2188183807439825,23097.5,49.20695150707415,21218.54417295127,23097.5,24976.45582704873,16.26977661693888,0.42083368972348795
332,2022-03-28,22800,22850,22450,22550,45062,-1.0964912280701753,23200.0,47.37037144761481,21717.097440827492,23200.0,24682.902559172508,12.783642751487134,0.2808352288626724
333,2022-03-29,22550,23000,22200,22450,65330,-0.4434589800443459,23235.0,46.620808891413546,21861.646440278262,23235.0,24608.353559721738,11.821420785209709,0.21420323832740754
334,2022-03-30,22650,22650,22200,22500,33964,0.2227171492204899,23220.0,47.07177418272385,21821.643822196802,23220.0,24618.356177803198,12.044411522852698,0.2425548614047989
335,2022-03-31,22400,22800,22400,22700,40151,0.8888888888888888,23107.5,48.93034340694326,21941.191721713178,23107.5,24273.808278286822,10.094629694141057,0.32530347782553154
336,2022-04-01,22750,23150,22700,22950,70884,1.1013215859030838,23042.5,51.235446499861155,21999.775204092482,23042.5,24085.224795907518,9.050448483519736,0.4556450559327621
337,2022-04-04,23100,23900,22950,23500,141588,2.3965141612200433,22987.5,55.946472190375985,22192.594345220532,22987.5,23782.405654779468,6.915981770783843,0.8223653001576544
338,2022-04-05,23650,23750,23300,23450,49698,-0.2127659574468085,22975.0,55.42228351474755,22218.362702478673,22975.0,23731.637297521327,6.586614124233534,0.8138888352160643
339,2022-04-06,23400,23450,22900,22950,67186,-2.1321961620469083,22957.5,50.34261489636853,22215.69476949783,22957.5,23699.30523050217,6.462421696632213,0.4949447646824202
340,2022-04-07,22850,22850,22450,22600,43472,-1.5250544662309369,22945.0,47.08909103484784,22188.098421193103,22945.0,23701.901578806897,6.597529560312899,0.27209718564478164
341,2022-04-08,22500,22800,22450,22750,25219,0.6637168141592921,22950.0,48.62161259638157,22199.666740707587,22950.0,23700.333259292413,6.538851932831482,0.36672588644903853
342,2022-04-11,22800,23050,22500,22800,29322,0.2197802197802197,22952.5,49.15031714682213,22204.519385277683,22952.5,23700.480614722317,6.517639601109397,0.39805885540455177
343,2022-04-12,22550,22700,22250,22350,38898,-1.9736842105263157,22950.0,44.692759741291475,22194.35458050725,22950.0,23705.64541949275,6.585145267910676,0.10298839606361393
344,2022-04-13,22250,22700,22250,22350,38965,0.0,22912.5,44.692759741291475,22116.96558842475,22912.5,23708.03441157525,6.944108338900152,0.1464640675403431
345,2022-04-14,22400,22600,22300,22450,24458,0.4474272930648769,22860.0,45.955968737228886,22088.248744736764,22860.0,23631.751255263236,6.751979486117551,0.23437037050224596
346,2022-04-15,22300,22950,22300,22700,38078,1.11358574610245,22812.5,49.08672289064572,22129.2174815639,22812.5,23495.7825184361,5.990422079439773,0.41767680500776555
347,2022-04-18,22700,22900,22500,22650,24146,-0.2202643171806167,22792.5,48.48180739475597,22114.80168953997,22792.5,23470.19831046003,5.9466781657126635,0.3948647223989172
348,2022-04-19,22600,22850,22500,22800,21758,0.6622516556291391,22762.5,50.45441878494336,22144.539645284276,22762.5,23380.460354715724,5.429635186958585,0.5303417522773374
349,2022-04-20,22800,22950,22600,22600,22546,-0.8771929824561403,22737.5,47.82500255109769,22135.939529223884,22737.5,23339.060470776116,5.291351034864131,0.3857139001980952
350,2022-04-21,22500,22850,22500,22750,25328,0.6637168141592921,22732.5,49.93247638117561,22133.10447115416,22732.5,23331.89552884584,5.273467756259437,0.5145980401569703
351,2022-04-22,22500,22650,22400,22400,23536,-1.5384615384615383,22712.5,45.331391232916836,22096.971771564957,22712.5,23328.028228435043,5.4201715217174975,0.2461529905829671
352,2022-04-25,22200,22250,21950,22000,35876,-1.7857142857142856,22685.0,40.71399146473195,21997.904664547645,22685.0,23372.095335452355,6.057706285672078,0.0015247778177506287
353,2022-04-26,22200,22200,21950,21950,23635,-0.2272727272727272,22660.0,40.16328227599298,21907.271629337392,22660.0,23412.728370662608,6.643674939652318,0.028382330418205797
354,2022-04-27,21800,21950,21400,21950,38335,0.0,22632.5,40.16328227599297,21820.542488796127,22632.5,23444.457511203873,7.175146459329485,0.07971938766348059
355,2022-04-28,22050,22200,21850,22050,23692,0.4555808656036446,22600.0,41.98352515614044,21750.29416854985,22600.0,23449.70583145015,7.519520632302197,0.17635858220406472
356,2022-04-29,22050,22350,21950,22200,29334,0.6802721088435374,22562.5,44.700935981824415,21711.6915609255,22562.5,23413.3084390745,7.54179225772409,0.2869673222833074
357,2022-05-02,21700,22900,21700,22600,55718,1.8018018018018016,22517.5,51.25735195035148,21782.46598718128,22517.5,23252.53401281872,6.528557902242433,0.5561198519804734
358,2022-05-03,22500,23200,22450,22900,44032,1.327433628318584,22490.0,55.51713442234737,21863.421992086867,22490.0,23116.578007913133,5.572058763122568,0.827173947076069
359,2022-05-04,23100,23950,22750,23850,206585,4.148471615720524,22535.0,65.7305765892195,21691.13982200818,22535.0,23378.86017799182,7.489329292139524,1.2791575158395172
360,2022-05-06,23500,24600,23300,24300,169818,1.8867924528301887,22620.0,69.32358011112106,21477.458972290104,22620.0,23762.541027709896,10.102042685321805,1.2352033578029946
361,2022-05-09,24300,24500,23100,23250,110913,-4.320987654320987,22645.0,54.868107504288865,21470.734271980833,22645.0,23819.265728019167,10.37108172240377,0.757607790793893
362,2022-05-10,22550,23100,22150,22900,45818,-1.5053763440860215,22650.0,51.04703513185231,21472.290358364855,22650.0,23827.709641635145,10.399202133643666,0.6061382157205137
363,2022-05-11,22700,23200,22700,22950,25084,0.2183406113537117,22680.0,51.56595779919724,21503.819741706066,22680.0,23856.180258293934,10.371959949681962,0.6147783250467231
364,2022-05-12,22600,22850,22100,22150,39724,-3.485838779956427,22670.0,43.60191056250818,21479.453906814026,22670.0,23860.546093185974,10.503273870189451,0.28161282331856297
365,2022-05-13,22150,22600,22100,22400,26982,1.1286681715575622,22667.5,46.38844154105689,21474.908284449208,22667.5,23860.091715550792,10.522481222462048,0.38784929640549426
366,2022-05-16,22650,23250,22400,22950,22079,2.455357142857143,22680.0,52.006534933517166,21481.083822779765,22680.0,23878.916177220235,10.572453061906835,0.6126017002398001
367,2022-05-17,23100,24300,22900,24000,93254,4.57516339869281,22747.5,60.513754738073665,21418.03582221995,22747.5,24076.96417778005,11.688881659787228,0.9710544371686023
368,2022-05-18,24150,24500,23600,24250,56747,1.0416666666666663,22820.0,62.230410460516175,21337.637021509112,22820.0,24302.362978490888,12.991787716835127,0.9823380038321667
369,2022-05-19,23600,28000,23400,27150,1626452,11.958762886597938,23047.5,75.52356794995539,20653.6589442905,23047.5,25441.3410557095,20.77310819576528,1.3568864650005086
370,2022-05-20,27500,27600,26700,26950,391890,-0.7366482504604052,23257.5,73.59968553610956,20327.947986466126,23257.5,26187.052013533874,25.192320873128015,1.1302158116567784
371,2022-05-23,26700,26700,25100,26100,292509,-3.153988868274583,23442.5,65.91455951797886,20293.805826219326,23442.5,26591.194173780674,26.86312614934989,0.9220003362233666
372,2022-05-24,26100,29250,26000,28400,1062226,8.812260536398467,23762.5,73.8664029260232,20020.32483039605,23762.5,27504.67516960395,31.49647696668238,1.1196262587690151
373,2022-05-25,28400,30050,28250,28700,666117,1.056338028169014,24100.0,74.69562827409716,19884.90806743194,24100.0,28315.09193256806,34.9800160379092,1.0456583241349893
374,2022-05-26,29000,33300,28550,32450,1669519,13.066202090592336,24625.0,82.26914700568385,19176.651626410043,24625.0,30073.348373589957,44.250545166212845,1.2181075312594274
375,2022-05-27,32200,35300,31800,34000,1118386,4.776579352850539,25222.5,84.35364058251513,18551.032770072215,25222.5,31893.967229927785,52.900919654497244,1.1578388004833993
376,2022-05-30,34000,34550,32700,33700,502805,-0.8823529411764706,25797.5,82.33604021338238,18332.08139150923,25797.5,33262.91860849077,57.877070324572315,1.0292737363054307
377,2022-05-31,33700,37050,33700,33900,966037,0.5934718100890208,26362.5,82.6342475662277,18266.76809979479,26362.5,34458.23190020521,61.41854452502767,0.9655230739427612
378,2022-06-02,34400,36500,34150,36100,509894,6.489675516224189,27022.5,85.52841553422869,18057.87647193145,27022.5,35987.12352806855,66.34932762008363,1.0062956615845624
379,2022-06-03,36300,36750,35250,36000,408980,-0.2770083102493075,27630.0,84.83630750546712,17986.639589852493,27630.0,37273.36041014751,69.80354983820128,0.9339773504261245
380,2022-06-07,36350,36450,34800,35900,292695,-0.2777777777777778,28210.0,84.10337904022603,18055.710266099348,28210.0,38364.28973390065,71.99071062673274,0.8786577004163331
381,2022-06-08,35500,37100,34200,35000,391323,-2.5069637883008355,28797.5,77.60511476237077,18500.4385259677,28797.5,39094.5614740323,71.5135791234121,0.8011781572656339
382,2022-06-09,34600,35250,33250,34200,306929,-2.2857142857142856,29362.5,72.26049265353564,19182.427554285274,29362.5,39542.57244571473,69.34063819984489,0.737596540977286
383,2022-06-10,33700,35800,33550,35000,358673,2.3391812865497075,29965.0,74.1757989481535,19949.30731302122,29965.0,39980.69268697878,66.84927540115987,0.7513555555945678
384,2022-06-13,34300,35200,33050,33950,418658,-3.0,30555.0,67.580356069991,21074.340740222746,30555.0,40035.659259777254,62.05635254313372,0.6790487299972726
385,2022-06-14,33150,33500,31200,33100,405256,-2.503681885125184,31090.0,62.71860798972421,22330.285392776765,31090.0,39849.714607223235,56.350689013980286,0.6147297651879298
386,2022-06-15,32900,33400,30850,32400,492096,-2.1148036253776437,31562.5,58.957019412884435,23629.601727615554,31562.5,39495.398272384446,50.267870240851934,0.5527865082371886
387,2022-06-16,32850,33050,30950,31600,230117,-2.4691358024691357,31942.5,54.90420149793103,24807.005973655352,31942.5,39077.99402634465,44.677116859010084,0.47600026019673825
388,2022-06-17,30600,31700,30050,31300,239047,-0.949367088607595,32295.0,53.42116819199688,26076.808944717115,32295.0,38513.191055282885,38.50869209031048,0.41999280890905866
389,2022-06-20,31950,32900,30750,31100,271250,-0.6389776357827476,32492.5,52.404894690896256,26704.4714064286,32492.5,38280.5285935714,35.626859081765936,0.379708610843197
390,2022-06-21,31700,34500,31300,34200,660791,9.967845659163988,32855.0,63.876083583130786,27619.076012774814,32855.0,38090.923987225186,31.872920330087876,0.62843960333282
391,2022-06-22,34000,34200,31100,32100,373108,-6.140350877192982,33155.0,54.324335758182,28907.30650823296,33155.0,37402.693491767044,25.62324531302695,0.37581495674713555
392,2022-06-23,32100,34200,31000,32350,442712,0.778816199376947,33352.5,55.18352272694281,29679.01732003538,33352.5,37025.982679964625,22.028229847625358,0.3635491048497803
393,2022-06-24,32450,33300,31350,32950,204274,1.854714064914992,33565.0,57.26139604654688,30562.151352465455,33565.0,36567.84864753454,17.89273736055143,0.3975972364599632
394,2022-06-27,32800,33700,31850,33250,152758,0.9104704097116844,33605.0,58.30238764726037,30641.572929866496,33605.0,36568.427070133504,17.636822318901977,0.4401031320159995
395,2022-06-28,33950,36300,33750,35800,720727,7.669172932330827,33695.0,65.90440384974502,30583.424836196296,33695.0,36806.5751638037,18.469061663770315,0.8382531176632049
396,2022-06-29,35250,37600,35150,35950,496623,0.4189944134078212,33807.5,66.29368612150073,30544.330528458562,33807.5,37070.66947154144,19.304411574599953,0.8282851256554467
397,2022-06-30,36200,37250,35500,35950,379160,0.0,33910.0,66.29368612150073,30515.50445574014,33910.0,37304.49554425986,20.020616598406715,0.8004864748533357
398,2022-07-01,36900,37300,35450,35900,356454,-0.1390820584144645,33900.0,66.0023636816726,30530.281910901147,33900.0,37269.71808909885,19.880342708547804,0.796760729995495
399,2022-07-04,36500,36500,30700,31250,716840,-12.952646239554316,33662.5,45.83121039392245,30249.01570971829,33662.5,37075.98429028171,20.280634476237424,0.1466220736875137
400,2022-07-05,31250,33100,29950,32700,549408,4.64,33502.5,50.87306842888418,30226.301745925615,33502.5,36778.698254074385,19.557933014398234,0.37752572680820135
401,2022-07-06,31800,32350,28900,29000,534980,-11.314984709480122,33202.5,40.51125849843978,29463.586387732386,33202.5,36941.413612267614,22.52188005281297,-0.06199479792891308
402,2022-07-07,29450,32000,28350,31350,506892,8.103448275862068,33060.0,47.78552820357897,29267.164648973005,33060.0,36852.835351026995,22.945162438154842,0.27457497600878206
403,2022-07-08,32000,33900,32000,32200,268202,2.711323763955343,32920.0,50.159485390372254,29218.32470359702,32920.0,36621.67529640298,22.488914315935478,0.40274673730842303
404,2022-07-11,32250,33000,31350,31800,116299,-1.2422360248447204,32812.5,49.029773679178945,29111.841274853883,32812.5,36513.15872514612,22.556396038985856,0.36320003069723455
405,2022-07-12,31400,32450,30750,31850,118722,0.1572327044025157,32750.0,49.18384119804766,29028.709901122988,32750.0,36471.29009887701,22.7254357183329,0.3790741952271342
406,2022-07-13,31350,31650,29900,30550,277996,-4.081632653061225,32657.5,45.345963001135914,28815.98011849475,32657.5,36499.01988150525,23.526111193479295,0.22569450829261317
407,2022-07-14,30400,30850,29250,30050,188558,-1.6366612111292964,32580.0,43.926238445726035,28596.358449860214,32580.0,36563.641550139786,24.454521486432082,0.1824513490789323
408,2022-07-15,30050,30350,28650,28900,241697,-3.826955074875208,32460.0,40.76494477192521,28194.721580013786,32460.0,36725.278419986214,26.28021207631679,0.08267671539112492
409,2022-07-18,28750,29550,27950,29350,135730,1.5570934256055362,32372.5,42.50853162340067,27931.050349266567,32372.5,36813.94965073343,27.439645691456846,0.15973947273038622
410,2022-07-19,30050,31650,30050,31500,265728,7.325383304940375,32237.5,50.07046638813827,27862.81429700371,32237.5,36612.185702996285,27.140353333827292,0.4157082302512757
411,2022-07-20,31850,32200,31250,31600,132541,0.3174603174603174,32212.5,50.39726587398807,27829.250634517797,32212.5,36595.7493654822,27.21458666966055,0.4301317414401064
412,2022-07-21,31500,32500,30700,32050,141192,1.4240506329113924,32197.5,51.92224953781409,27814.182192676406,32197.5,36580.8178073236,27.227690394121254,0.4831748453473348
413,2022-07-22,31950,32600,31300,31300,81562,-2.3400936037441498,32115.0,49.20693986802532,27729.330153784926,32115.0,36500.669846215074,27.312283021734856,0.40708374905336725
414,2022-07-25,31000,34650,31000,34650,426069,10.702875399361025,32185.0,59.416059740523544,27685.877863404894,32185.0,36684.122136595106,27.957881849278273,0.7739423297658562
415,2022-07-26,34550,34850,33300,33300,157459,-3.896103896103896,32060.0,54.64910909182964,27839.265466770015,32060.0,36280.73453322999,26.330221667061675,0.6468938629327947
416,2022-07-27,33450,36150,33450,35800,387992,7.5075075075075075,32052.5,60.90450060827158,27858.996095149054,32052.5,36246.00390485095,26.16647004040838,0.9468220472699426
417,2022-07-28,36550,41400,35550,40800,1895342,13.966480446927374,32295.0,69.85899520584292,26852.950753622295,32295.0,37737.049246377705,33.702116404258895,1.2814151999507386
418,2022-07-29,46000,52800,46000,50500,4099346,23.774509803921568,33025.0,79.6140799069609,23476.72790500815,33025.0,42573.27209499185,57.824509280798495,1.41508703491838
419,2022-08-01,49600,52200,48600,50500,952348,0.0,33987.5,79.61407990696091,21825.72073050164,33987.5,46149.27926949836,71.56618915482667,1.1788685945572623
420,2022-08-02,50000,54500,49150,53200,1235097,5.346534653465347,35012.5,81.54252389832834,20274.831425900502,35012.5,49750.1685740995,84.18518285811923,1.1170412880624605
421,2022-08-03,53300,56800,50600,51200,866551,-3.7593984962406015,36122.5,75.82093361717853,20077.33016605932,36122.5,52167.66983394068,88.83753801060658,0.9698454474475631
422,2022-08-04,50600,52700,49600,50900,632141,-0.5859375,37100.0,74.9711608996098,19990.207482263268,37100.0,54209.79251773673,92.2360782627317,0.903277830099177
423,2022-08-05,50500,55700,50300,53100,1025177,4.322200392927308,38145.0,77.00636254410448,19848.145079003338,38145.0,56441.85492099666,95.93317562457285,0.908676793486467
424,2022-08-08,53100,58600,51800,58600,1112320,10.357815442561206,39485.0,81.13610369262142,19404.60906755051,39485.0,59565.39093244949,101.71149009724954,0.9759618491567951
425,2022-08-09,61000,62000,51900,52800,1482110,-9.897610921501707,40532.5,67.3905000210906,19974.477843187356,40532.5,61090.52215681264,101.43969484642025,0.7983628460565386
426,2022-08-10,53200,57200,53100,54300,1025637,2.840909090909091,41720.0,68.85982760211704,20864.05600314386,41720.0,62575.943996856135,99.98055607313583,0.8015926778930825
427,2022-08-11,56700,58300,55100,56900,679413,4.788213627992634,43062.5,71.27578582384149,21929.353641731443,43062.5,64195.646358268554,98.15104259282928,0.8273885432252718
428,2022-08-12,55800,56500,53900,55500,556537,-2.460456942003515,44392.5,68.20720185561184,23647.44577013597,44392.5,65137.55422986403,93.46197772084938,0.767714412238314
429,2022-08-16,55200,57300,52400,53000,872845,-4.504504504504505,45575.0,62.991923156753415,25717.344045683552,45575.0,65432.65595431645,87.14275789058232,0.6869556008292618
430,2022-08-17,53300,53800,52400,53800,318819,1.509433962264151,46690.0,63.9420529716035,27630.550899881728,46690.0,65749.44910011828,81.64253202021108,0.6865216555486873
431,2022-08-18,52900,54300,51700,53400,355166,-0.7434944237918215,47780.0,63.07015629137226,29836.382750404,47780.0,65723.617249596,75.10932293677692,0.6566016461961294
432,2022-08-19,54800,57400,53900,55000,1016900,2.9962546816479403,48927.5,65.11901434592204,32264.80288938795,48927.5,65590.19711061205,68.11178625767533,0.6822183995690765
433,2022-08-22,53600,55700,52600,54200,476161,-1.4545454545454546,50072.5,63.23009707286272,35381.84055258243,50072.5,64763.15944741757,58.67755533443536,0.6404804193703354
434,2022-08-23,55000,57700,54500,56500,723487,4.243542435424354,51165.0,66.26028178769225,38060.30236899763,51165.0,64269.69763100237,51.225242376633894,0.703552960557394
435,2022-08-24,57100,67500,55500,66300,2616730,17.345132743362832,52815.0,75.51803834340926,40864.05443071558,52815.0,64765.94556928442,45.255876433908625,1.0641812993717548
436,2022-08-25,65400,66600,62200,62700,830565,-5.429864253393665,54160.0,68.12332642095686,44299.492913647955,54160.0,64020.507086352045,36.41250770440194,0.9330406096366097
437,2022-08-26,63000,66200,62600,64900,891989,3.508771929824561,55365.0,70.05318741212062,46488.45224763598,55365.0,64241.54775236402,32.06555676822549,1.0370894330772127
438,2022-08-29,62400,69800,62300,66300,1245989,2.157164869029276,56155.0,71.24618230787172,46383.72065694575,56155.0,65926.27934305425,34.801101747143626,1.0191234250820698
439,2022-08-30,67200,67500,63300,66800,774290,0.7541478129713424,56970.0,71.68009900645869,46525.46075693146,56970.0,67414.53924306855,36.666804434153214,0.9705808351729646
440,2022-08-31,66900,70800,63900,68500,906535,2.5449101796407185,57735.0,73.16298789576182,46311.6423499919,57735.0,69158.35765000811,39.57169013599413,0.9711837066570509
441,2022-09-01,68400,72900,67800,68600,904678,0.145985401459854,58605.0,73.25171342732159,46666.24378337515,58605.0,70543.75621662485,40.743131871426854,0.918594693561204
442,2022-09-02,68600,69400,64800,67100,619345,-2.186588921282799,59415.0,69.53796592166788,47478.95794243341,59415.0,71351.04205756659,40.17854769861682,0.8219241337679546
443,2022-09-05,67100,67500,64200,64800,414521,-3.427719821162444,60000.0,64.16614194382227,48213.39743607181,60000.0,71786.60256392819,39.28867521309395,0.703621016911606
444,2022-09-06,65400,70300,65200,69300,804525,6.944444444444445,60535.0,69.18228174696588,48097.75352017182,60535.0,72972.24647982819,41.09109268961157,0.8523689915696309
445,2022-09-07,69300,71300,67800,70500,626779,1.7316017316017316,61420.0,70.37328508094046,48792.79128231427,61420.0,74047.20871768573,41.11757967334982,0.8595410594299636
446,2022-09-08,74000,78700,71200,76500,1328779,8.51063829787234,62530.0,75.47655620647802,48751.016002622026,62530.0,76308.98399737797,44.0715944262849,1.0069314255194133
447,2022-09-13,75900,77600,71000,76000,958326,-0.6535947712418301,63485.0,74.32756035908446,48782.58183154899,63485.0,78187.41816845101,46.31777008254237,0.9256102586870759
448,2022-09-14,74000,82400,74000,78200,1082449,2.8947368421052633,64620.0,76.05483566684325,49077.72217466184,64620.0,80162.27782533815,48.10361443930102,0.9368729008903989
449,2022-09-15,78600,86200,78300,84500,961953,8.05626598465473,66195.0,80.16947040092236,49352.25972414233,66195.0,83037.74027585768,50.888255233348964,1.0434091988652916
450,2022-09-16,84300,84900,79500,80800,926495,-4.378698224852071,67545.0,72.31058103175083,50564.9558304462,67545.0,84525.0441695538,50.27772350152877,0.8903111166155556
451,2022-09-19,80400,81900,70200,72300,1049828,-10.51980198019802,68490.0,58.196544318759074,52702.169243369804,68490.0,84277.8307566302,46.102586528340474,0.6206625551898562
452,2022-09-20,73700,77000,71500,72600,541464,0.4149377593360996,69370.0,58.50439386426433,54770.67124830739,69370.0,83969.3287516926,42.091188559009964,0.6106215242815709
453,2022-09-21,71500,73500,68700,69900,541324,-3.71900826446281,70155.0,54.606769259846764,57321.220354081255,70155.0,82988.77964591875,36.5869279336291,0.49006528057067367
454,2022-09-22,69800,72200,68300,71800,468474,2.7181688125894135,70920.0,56.78842461312962,59712.21698996638,70920.0,82127.78301003363,31.60683307962105,0.5392584331447258
455,2022-09-23,70700,71100,65700,66300,671489,-7.66016713091922,70920.0,49.388687257919855,59712.21698996638,70920.0,82127.78301003363,31.60683307962105,0.2938932259901888
456,2022-09-26,65100,66900,61300,62900,663777,-5.128205128205128,70930.0,45.44632803484962,59751.252306273374,70930.0,82108.74769372662,31.520506679054343,0.1408363342654949
457,2022-09-27,63100,64100,60600,62700,413193,-0.3179650238473768,70820.0,45.217677236116685,59366.16221522243,70820.0,82273.83778477757,32.34633658508209,0.14553365637883933
458,2022-09-28,63900,65600,59500,60200,699039,-3.9872408293460926,70515.0,42.34943243797919,58296.60812545291,70515.0,82733.39187454709,34.65473126156729,0.07789044147913461
459,2022-09-29,62100,65500,59400,59800,623301,-0.6644518272425249,70165.0,41.89156556599915,57164.9576923766,70165.0,83165.0423076234,37.05563260207625,0.10134745123399236
460,2022-09-30,59100,60400,56800,58900,450009,-1.5050167224080269,69685.0,40.82213031800498,55795.971956252724,69685.0,83574.02804374728,39.862317697488066,0.11174388999612836
461,2022-10-04,61000,67200,60600,65300,909808,10.865874363327674,69520.0,50.49954296266169,55505.493230227534,69520.0,83534.50676977247,40.317913606940365,0.34944172244784194
462,2022-10-05,67300,69200,64400,65900,710433,0.9188361408882084,69460.0,51.30353787867971,55394.38234559185,69460.0,83525.61765440815,40.4999068655576,0.37345027827895283
463,2022-10-06,64700,66900,62800,66900,576147,1.5174506828528074,69565.0,52.68295354710953,55609.173259888965,69565.0,83520.82674011104,40.12312726259192,0.40452016746738445
464,2022-10-07,66900,68600,61500,61500,571762,-8.071748878923767,69175.0,45.231850885149,54782.241404094966,69175.0,83567.75859590503,41.61260165061087,0.23337286424773157
465,2022-10-11,59700,61000,57700,59200,331442,-3.739837398373984,68610.0,42.47625569194778,53595.886639564815,68610.0,83624.11336043518,43.766545286212455,0.18662818196121408
466,2022-10-12,58700,60900,56900,60000,358781,1.351351351351351,67785.0,43.759666755590835,52782.43022012568,67785.0,82787.56977987432,44.26516125949493,0.2405444495767839
467,2022-10-13,58900,59100,56800,57100,275514,-4.833333333333333,66840.0,40.25363065682695,51646.5277174703,66840.0,82033.4722825297,45.46221508835938,0.17946760888886487
468,2022-10-14,59100,59300,55600,56400,412972,-1.2259194395796849,65750.0,39.43237191740777,50847.7182955093,65750.0,80652.2817044907,45.33013446232912,0.18628965062503003
469,2022-10-17,55000,56900,54200,56500,262417,0.1773049645390071,64350.0,39.62188584584923,51659.925138124745,64350.0,77040.07486187526,39.44079211150041,0.19070316426644077
470,2022-10-18,57300,59900,56500,59000,452747,4.424778761061947,63260.0,44.313030690352406,52873.00813517223,63260.0,73646.99186482777,32.83905110599989,0.29493581705666244
471,2022-10-19,59200,62300,57700,60400,488558,2.3728813559322033,62665.0,46.80554890407923,53085.589788510035,62665.0,72244.41021148997,30.573398903662234,0.38177769037997444
472,2022-10-20,61000,61300,56100,57400,326273,-4.966887417218543,61905.0,42.42357374883973,53229.868877071756,61905.0,70580.13112292824,28.02723890777237,0.24034974594831476
473,2022-10-21,57400,58200,55600,56800,131880,-1.0452961672473868,61250.0,41.58503276212677,53127.80817759158,61250.0,69372.19182240842,26.521442685415252,0.2260591662140485
474,2022-10-24,58400,63100,58400,59500,700107,4.753521126760563,60635.0,46.691394354832994,54092.13365565227,60635.0,67177.86634434773,21.58115393534337,0.41326431411972003
475,2022-10-25,61800,62600,55400,55800,819700,-6.218487394957983,60110.0,41.35619507341586,53788.323007302715,60110.0,66431.67699269729,21.033694868398896,0.1591094416102836
476,2022-10-26,57100,57900,55700,55800,341457,0.0,59755.0,41.35619507341586,53303.8063120072,59755.0,66206.19368799281,21.592146893122944,0.19346758202585118
477,2022-10-27,57800,59000,56500,58800,564801,5.376344086021505,59560.0,47.04604843129388,53242.27889187895,59560.0,65877.72110812104,21.214644419479665,0.4398517292079368
478,2022-10-28,58400,58400,55800,56200,319576,-4.421768707482993,59360.0,43.139519761042884,52884.69305746838,59360.0,65835.30694253162,21.81707190879926,0.2559961228058365
479,2022-10-31,57500,59000,57500,58900,386674,4.804270462633451,59315.0,47.9710838341113,52840.04054066759,59315.0,65789.9594593324,21.83245202506079,0.4679534673068992
480,2022-11-01,59800,61400,58600,59300,468500,0.6791171477079796,59335.0,48.66699660296,52862.82107787507,59335.0,65807.17892212493,21.815720644223244,0.4972961192497045
481,2022-11-02,59400,59900,57400,57600,228413,-2.866779089376054,58950.0,45.859538282502825,53052.37335871469,58950.0,64847.62664128531,20.008911420815295,0.3855471800682023
482,2022-11-03,56200,57500,56000,56900,194256,-1.215277777777778,58500.0,44.71567950578506,53484.82303402979,58500.0,63515.17696597021,17.145904157163116,0.3404841931943201
483,2022-11-04,57900,59000,56100,56600,257835,-0.5272407732864675,57985.0,44.20677133223695,54713.74641765604,57985.0,61256.25358234396,11.283102810533624,0.2883074538343185
484,2022-11-07,56900,57000,52000,52700,621472,-6.890459363957597,57545.0,38.131188226286895,53933.64291436056,57545.0,61156.35708563944,12.551419187208074,-0.1708004615863294
485,2022-11-08,52700,53200,51800,52800,276627,0.1897533206831119,57225.0,38.365096704766856,53152.224533564586,57225.0,61297.775466435414,14.234252394706559,-0.04324133953213736
486,2022-11-09,54300,57700,53800,57100,724317,8.143939393939394,57080.0,47.54816859601194,53211.35682700017,57080.0,60948.64317299983,13.55516178346121,0.5025848855923938
487,2022-11-10,56800,60300,56200,57600,747488,0.8756567425569177,57105.0,48.50885153057661,53229.70646273108,57105.0,60980.29353726892,13.572519174394245,0.5638661297834031
488,2022-11-11,60500,64100,58700,59900,1246212,3.9930555555555554,57280.0,52.79213027132941,53235.44810887557,57280.0,61324.55189112443,14.122038725993118,0.8238924942154237
489,2022-11-14,61200,63500,60500,61000,530423,1.8363939899833055,57505.0,54.73162325698684,53168.88422663806,57505.0,61841.11577336194,15.080830443829024,0.9030104571320297
490,2022-11-15,61900,62400,59500,61500,245012,0.819672131147541,57630.0,55.62407195704754,52994.87324876674,57630.0,62265.12675123326,16.085812081323144,0.9174643119490005
491,2022-11-16,62000,64800,59800,64800,468846,5.365853658536586,57850.0,61.07802977468316,52369.306613210494,57850.0,63330.693386789506,18.947946021744187,1.134043861744945
492,2022-11-17,64800,65500,63200,64600,284033,-0.3086419753086419,58210.0,60.59198059569768,51997.786223897456,58210.0,64422.213776102544,21.344146284495945,1.0143094096810845
493,2022-11-18,64600,67000,64000,64300,354350,-0.4643962848297213,58585.0,59.82295814043212,51873.137367317606,58585.0,65296.862632682394,22.913246164316444,0.9257387488959977
494,2022-11-21,65200,65200,61500,61900,224830,-3.732503888024884,58705.0,53.92638302866437,51847.74836395818,58705.0,65562.25163604182,23.361729447378668,0.7329650543380258
495,2022-11-22,61100,64000,60100,62900,230749,1.615508885298869,59060.0,55.87785367437539,52106.61233642203,59060.0,66013.38766357796,23.54685968025047,0.7761244004928727
496,2022-11-23,64400,65100,62400,62400,190493,-0.7949125596184419,59390.0,54.63187528058388,52460.38240593334,59390.0,66319.61759406666,23.33597438648479,0.7171837016358052
497,2022-11-24,63000,68500,62500,67400,739186,8.012820512820513,59820.0,63.41678574061954,52071.296882703646,59820.0,67568.70311729635,25.906730582736046,0.9891141062741341
498,2022-11-25,66500,67000,64500,66600,304515,-1.1869436201780417,60340.0,61.36920208677624,52244.717423091504,60340.0,68435.28257690849,26.83222597583193,0.8866449342890409
499,2022-11-28,66600,68900,65900,67400,282270,1.2012012012012012,60765.0,62.66731172662579,52141.47983709679,60765.0,69388.52016290321,28.383181643719933,0.8847036868158866
500,2022-11-29,67200,67300,65500,66900,163157,-0.741839762611276,61145.0,61.28128919506817,52151.34112276888,61145.0,70138.65887723112,29.417479359656955,0.8199476474791421
501,2022-11-30,66500,66500,63500,65900,374825,-1.4947683109118086,61560.0,58.49477671815123,52493.26960806718,61560.0,70626.73039193283,29.456563976389937,0.739336553111888
502,2022-12-01,67300,67300,65300,65900,181196,0.0,62010.0,58.494776718151236,53020.02780871942,62010.0,70999.97219128058,28.995233643865774,0.7163521709095457
503,2022-12-02,66200,66600,63200,63200,202193,-4.09711684370258,62340.0,51.20405406908341,53690.514466166314,62340.0,70989.4855338337,27.74939215217738,0.549713939438131
504,2022-12-05,64100,64500,62500,62500,110477,-1.1075949367088609,62830.0,49.48210379881935,55395.45899197548,62830.0,70264.54100802452,23.665576979228142,0.4778062963373386
505,2022-12-06,61500,61900,58600,58800,268500,-5.92,63130.0,41.53177457899886,56962.30999481992,63130.0,69297.69000518008,19.539648361096393,0.14897717002935057
506,2022-12-07,57800,59200,57100,58400,114887,-0.6802721088435374,63195.0,40.76914867909192,57259.85888963049,63195.0,69130.14111036951,18.78357816399878,0.09605004238041866
507,2022-12-08,58400,58900,56900,57100,98282,-2.2260273972602738,63170.0,38.30719722879146,57137.38862514763,63170.0,69202.61137485238,19.09960859538507,-0.003098875662991279
508,2022-12-09,57700,57800,55200,55700,151949,-2.4518388791593697,62960.0,35.79993668210023,56234.10972435632,62960.0,69685.89027564369,21.365598080189592,-0.0397055038416609
509,2022-12-12,55000,56900,54000,56500,128442,1.436265709156194,62735.0,38.28565464269982,55481.51118426462,62735.0,69988.48881573539,23.12421715385473,0.07020682333761345
510,2022-12-13,57000,57000,55500,56200,77457,-0.5309734513274336,62470.0,37.6962273611694,54687.42973048118,62470.0,70252.57026951882,24.916184631083155,0.09717678203581073
511,2022-12-14,56900,58900,56600,58800,152070,4.6263345195729535,62170.0,45.52396754641288,54307.65938158374,62170.0,70032.34061841626,25.2930372154295,0.28568722956963216
512,2022-12-15,58900,58900,56900,57600,90305,-2.0408163265306123,61820.0,42.84820673133339,53799.87531269007,61820.0,69840.12468730993,25.946699085441377,0.2369118209173721
513,2022-12-16,56000,58200,55800,57600,77633,0.0,61485.0,42.848206731333384,53348.348354513495,61485.0,69621.6516454865,26.467111150643262,0.2612654339113157
514,2022-12-19,57600,57900,56400,57700,53022,0.1736111111111111,61275.0,43.17103019163705,52976.83755280735,61275.0,69573.16244719265,27.08498554775242,0.2845908643780854
515,2022-12-20,57300,57800,55300,55400,91132,-3.986135181975736,60900.0,37.87232546774259,52258.70380093367,60900.0,69541.29619906633,28.378641047836886,0.18176070618929485
516,2022-12-21,56000,56000,53500,53900,125857,-2.707581227436823,60475.0,34.866691107303915,51348.144024364236,60475.0,69601.85597563576,30.183897397720582,0.13979929027301247
517,2022-12-22,54900,54900,53000,53700,76990,-0.3710575139146568,59790.0,34.47384064921107,50789.3555786267,59790.0,68790.64442137329,30.10752440666765,0.16169089040233406
518,2022-12-23,52800,53000,50700,50900,181297,-5.21415270018622,59005.0,29.46797153277905,49781.23178955595,59005.0,68228.76821044405,31.264361360711963,0.06064594127469879
519,2022-12-26,50900,51200,49750,50900,98285,0.0,58180.0,29.467971532779053,49157.89381574356,58180.0,67202.10618425644,31.014459210231824,0.09654653518135324
520,2022-12-27,50500,51500,50300,50900,90483,0.0,57380.0,29.467971532779053,48764.29341260984,57380.0,65995.70658739016,30.03034711533691,0.12394262535100445
521,2022-12-28,50500,51000,50000,50600,67061,-0.5893909626719057,56615.0,28.906278195911288,48456.25622414834,56615.0,64773.74377585166,28.821845008749136,0.1313770743847072
522,2022-12-29,49600,50200,47850,48800,156748,-3.557312252964427,55760.0,25.7364637664717,48104.04806702666,55760.0,63415.95193297334,27.460372786848414,0.04545169164241677
523,2023-01-02,48900,49750,47350,47900,64100,-1.8442622950819672,54995.0,24.301535898033286,47408.307703616934,54995.0,62581.692296383066,27.590480212321356,0.03240491884832858
524,2023-01-03,47550,49150,47000,48750,92461,1.7745302713987474,54307.5,28.363859142452895,47082.38581405123,54307.5,61532.61418594877,26.608163461579963,0.1154040021396413
525,2023-01-04,48150,48900,47400,48900,69942,0.3076923076923077,53812.5,29.08707810894277,46530.06393780225,53812.5,61094.93606219775,27.065964458806956,0.16271588531341874
526,2023-01-05,49000,49100,46650,46950,113844,-3.9877300613496938,53240.0,25.48502054443987,45694.63055907809,53240.0,60785.36944092191,28.34473869617547,0.08318806989843866
527,2023-01-06,46500,47150,46000,47000,160691,0.1064962726304579,52735.0,25.73896085726574,44942.68968790396,52735.0,60527.31031209604,29.552708114519906,0.13200900822073686
528,2023-01-09,48150,48500,47350,47850,169931,1.808510638297872,52342.5,30.100083744898715,44397.79893576868,52342.5,60287.20106423132,30.35659765670848,0.21726437762232734
529,2023-01-10,47950,48700,46550,46950,152342,-1.8808777429467085,51865.0,28.210947656202194,43829.758871073114,51865.0,59900.241128926886,30.985215960385176,0.19415976937481133
530,2023-01-11,48450,55600,48350,54000,1040697,15.015974440894569,51755.0,53.062247979941,43901.98147207087,51755.0,59608.01852792913,30.34689799219064,0.6429386669607167
531,2023-01-12,55400,57400,53500,53600,667120,-0.7407407407407408,51495.0,51.96313633073445,44273.234287932195,51495.0,58716.765712067805,28.048415232810196,0.6457399813235756
532,2023-01-13,54400,54600,52300,52800,284396,-1.4925373134328357,51255.0,49.74386515539475,44560.9802808777,51255.0,57949.0197191223,26.120455444824106,0.6154015124564479
533,2023-01-16,53400,53900,51700,51900,233014,-1.7045454545454544,50970.0,47.29659401233338,44927.11989197219,50970.0,57012.88010802781,23.711517002267268,0.5769500621702323
534,2023-01-17,52100,53900,51300,52400,246617,0.9633911368015412,50705.0,48.803529841361296,45452.77190137384,50705.0,55957.22809862616,20.716805437831226,0.6613600902484953
535,2023-01-18,52200,53100,51700,52700,124784,0.5725190839694656,50570.0,49.73224282771188,45681.19646539174,50570.0,55458.80353460826,19.33479744753119,0.7178447124047374
536,2023-01-19,52200,53900,50900,51000,215805,-3.225806451612903,50425.0,44.775521506110536,45773.6023605804,50425.0,55076.3976394196,18.448775962001385,0.5618093790914582
537,2023-01-20,50000,50500,49350,50300,141887,-1.3725490196078431,50255.0,42.8803497391877,45852.96637904727,50255.0,54657.03362095273,17.518788661636574,0.5051112740013853
538,2023-01-25,50900,50900,49750,50100,126194,-0.3976143141153081,50215.0,42.32908095219118,45822.60885166198,50215.0,54607.39114833802,17.494338935927598,0.4869091804308556
539,2023-01-26,49950,52500,49900,52500,241961,4.790419161676647,50295.0,50.545406690124,45798.56808124506,50295.0,54791.43191875494,17.880234292692876,0.7451944163551978
540,2023-01-27,53000,53000,51400,51600,136326,-1.7142857142857144,50330.0,47.795465398907076,45804.47240644826,50330.0,54855.52759355174,17.983419803503843,0.6403151316334449
541,2023-01-30,52000,52300,50600,50700,106140,-1.744186046511628,50335.0,45.150103118242455,45808.06947258982,50335.0,54861.93052741018,17.98720781726504,0.5403142921887089
542,2023-01-31,50700,52200,50200,52200,135106,2.9585798816568047,50505.0,50.10660163757992,45966.068407653824,50505.0,55043.931592346176,17.974187079877936,0.6867179495344469
543,2023-02-01,52800,52900,51600,51600,100951,-1.1494252873563218,50690.0,48.22921370667255,46291.40931661081,50690.0,55088.59068338919,17.35486558843635,0.6034422233735589
544,2023-02-02,52800,54400,52100,54100,306657,4.844961240310078,50957.5,55.68044296017357,46415.00343973733,50957.5,55499.99656026267,17.828569141981724,0.8459000968201378
545,2023-02-03,53700,55500,53200,54500,242411,0.7393715341959335,51237.5,56.752960042635614,46548.803486042394,51237.5,55926.196513957606,18.301816107177775,0.847911193472214
546,2023-02-06,53700,55100,52200,52200,250877,-4.220183486238533,51500.0,49.35676993636706,47231.862232776664,51500.0,55768.137767223336,16.57529229989645,0.5820029762599942
547,2023-02-07,52600,54200,51900,53800,214533,3.065134099616858,51840.0,53.861415678133035,47997.787095956526,51840.0,55682.212904043474,14.823352253254141,0.7550613473211404
548,2023-02-08,54300,55000,53700,54300,147055,0.929368029739777,52162.5,55.20241498192834,48644.99022744809,52162.5,55680.00977255191,13.486737685317646,0.8038371089512668
549,2023-02-09,54300,55500,53200,54900,224970,1.1049723756906076,52560.0,56.82411839630068,49766.149610305125,52560.0,55353.850389694875,10.631089762918094,0.9187768981172179
550,2023-02-10,54500,54500,52500,52600,169643,-4.189435336976321,52490.0,49.43618389026086,49774.93094010517,52490.0,55205.06905989483,10.345090721641562,0.5202573116140664
551,2023-02-13,52700,53200,51700,52900,99612,0.5703422053231939,52455.0,50.34306087088054,49780.32244934119,52455.0,55129.67755065881,10.197988945415345,0.5831875976770341
552,2023-02-14,53400,53800,52800,53200,93715,0.5671077504725899,52475.0,51.28400703792488,49784.36810395807,52475.0,55165.63189604193,10.254909560903021,0.6347267162532555
553,2023-02-15,53200,53800,51400,51600,137732,-3.007518796992481,52460.0,46.25035371766029,49753.41543638515,52460.0,55166.58456361485,10.318660173903362,0.34112818576571574
554,2023-02-16,52600,54500,52500,53600,204870,3.875968992248062,52520.0,52.5233638245141,49768.564011284616,52520.0,55271.435988715384,10.477669416280975,0.6962611531631961
555,2023-02-17,52700,54200,52700,53600,89706,0.0,52565.0,52.52336382451411,49774.10408649871,52565.0,55355.89591350129,10.61883730049003,0.6854243282583675
556,2023-02-20,53600,53600,50700,50900,301821,-5.037313432835821,52560.0,44.40868357921043,49757.57248086624,52560.0,55362.42751913376,10.663727241757071,0.20382820096751106
557,2023-02-21,51100,51400,50500,50900,162432,0.0,52590.0,44.408683579210425,49873.45808057409,52590.0,55306.54191942591,10.33102080025065,0.18894277170639967
558,2023-02-22,50200,50500,49150,49300,172173,-3.143418467583497,52550.0,40.145967626898866,49669.37506780244,52550.0,55430.62493219756,10.963367962692914,-0.06411370388311007
559,2023-02-23,49300,50900,48050,50600,207608,2.636916835699797,52455.0,44.78358341987824,49451.35221771956,52455.0,55458.64778228044,11.4522839854368,0.19120880102132978
560,2023-02-24,51100,51100,49250,49250,93079,-2.66798418972332,52337.5,41.21245901312302,49039.79246293759,52337.5,55635.20753706241,12.601700643180923,0.03187176769011791
561,2023-02-27,48850,49000,47100,47800,195485,-2.9441624365482233,52192.5,37.73215879148327,48401.42165736473,52192.5,55983.57834263527,14.527291632457812,-0.07932065800395266
562,2023-02-28,48300,49100,48300,48900,97431,2.301255230125523,52027.5,41.750871664202776,47973.92441787523,52027.5,56081.07558212477,15.582434605255964,0.11422947017548266
563,2023-03-02,52100,53700,51500,52400,673071,7.157464212678937,52067.5,52.29970192548571,48015.7997396157,52067.5,56119.2002603843,15.563260230985929,0.541032156703574
564,2023-03-03,53400,56400,53100,53700,546912,2.480916030534351,52047.5,55.52168455968321,48032.34433676623,52047.5,56062.65566323377,15.428812770003429,0.7057828062722097
565,2023-03-06,54600,54800,51300,53500,330860,-0.37243947858473,51997.5,54.90721154114408,48082.08495175822,51997.5,55912.91504824178,15.06001268615523,0.6918698249722846
566,2023-03-07,53200,59700,52400,59200,875249,10.654205607476635,52347.5,66.34062235671541,47326.79536817807,52347.5,57368.20463182193,19.182213598822976,1.1824241319204376
567,2023-03-08,58100,58800,54100,54100,821521,-8.614864864864865,52362.5,53.315008415585204,47322.77034455238,52362.5,57402.22965544762,19.249385172394824,0.6723802781883226
568,2023-03-09,56500,57300,54200,55000,448765,1.6635859519408502,52397.5,54.99436369457629,47295.101054406055,52397.5,57499.898945593945,19.47573432165254,0.7550270987970596
569,2023-03-10,53300,55500,53100,53700,208043,-2.363636363636364,52337.5,52.08013947113026,47326.823897915754,52337.5,57348.176102084246,19.147556157952696,0.6359596960810591
570,2023-03-13,52700,53800,51400,52200,184131,-2.793296089385475,52317.5,48.8626690821026,47307.98156007005,52317.5,57327.01843992995,19.15045038440272,0.4882723258324164
571,2023-03-14,51900,52700,49550,49650,204535,-4.885057471264368,52155.0,43.897687237453184,47022.27168067526,52155.0,57287.72831932474,19.682593497554375,0.25597773307339633
572,2023-03-15,51100,51500,50500,50900,112655,2.5176233635448138,52040.0,46.753851579309284,46903.01644931598,52040.0,57176.98355068402,19.742442546825586,0.3890399405845671
573,2023-03-16,49800,52300,49800,51000,128328,0.1964636542239685,52010.0,46.98637387876342,46856.10826656223,52010.0,57163.89173343777,19.8188491960691,0.4020157919260068
574,2023-03-17,52000,52200,49700,49750,225879,-2.450980392156863,51817.5,44.377608617288004,46628.061205679536,51817.5,57006.938794320464,20.02967643873388,0.3007973422614833
575,2023-03-20,49750,50700,49200,50100,135738,0.7035175879396985,51642.5,45.29350154503004,46469.27325066857,51642.5,56815.72674933143,20.03476496812288,0.350915098569829
576,2023-03-21,50200,51300,50100,50400,129828,0.5988023952095809,51617.5,46.11257039797186,46425.364119651895,51617.5,56809.635880348105,20.11773480059323,0.3827553796686872
577,2023-03-22,51900,54000,51100,52000,439235,3.1746031746031744,51672.5,50.37959556148879,46488.633200013894,51672.5,56856.366799986106,20.06431583525514,0.5315883888066798
578,2023-03-23,51300,51400,50400,50700,176229,-2.5,51742.5,47.115171538657165,46651.69701815144,51742.5,56833.30298184856,19.677452700772324,0.39760947303234173
579,2023-03-24,51000,51100,50000,50700,103199,0.0,51747.5,47.11517153865716,46661.000712671026,51747.5,56833.999287328974,19.658917966390547,0.39703134308802157
580,2023-03-27,50500,51000,49800,50300,92973,-0.7889546351084813,51800.0,46.05036437298116,46796.70108828203,51800.0,56803.29891171797,19.31775641589949,0.35009890209768124
581,2023-03-28,50100,51500,50100,51400,112369,2.1868787276341948,51980.0,49.43474914116387,47317.876020524745,51980.0,56642.123979475255,17.938145361582357,0.43779659200898363
582,2023-03-29,51500,52400,51100,51900,163855,0.9727626459143968,52130.0,50.94125105426045,47685.97029712917,52130.0,56574.02970287083,17.049797440517285,0.47412258520105965
583,2023-03-30,52700,56800,52400,56500,633765,8.863198458574182,52335.0,62.12212276104054,47499.082300121496,52335.0,57170.917699878504,18.480625584708147,0.9306318116315999
584,2023-03-31,58300,58500,52800,53000,780776,-6.1946902654867255,52300.0,52.34655108767411,47494.06616774657,52300.0,57105.93383225343,18.37833205450643,0.5728266372814147
