날짜,시가,고가,저가,종가,거래량,등락률,BPS,PER,PBR,EPS,DIV,DPS,상장주식수,보유수량,지분율,한도수량,한도소진률
2022-01-03,79400,79800,78200,78600,13502112,0.38314176245210724,39406,20.46,1.99,3841,3.81,2994,5969782550,3099478430,51.9,5969782550,51.9
2022-01-04,78800,79200,78300,78700,12427416,0.1272264631043257,39406,20.49,2.0,3841,3.8,2994,5969782550,3102550526,51.97,5969782550,51.97
2022-01-05,78800,79000,76400,77400,25470640,-1.6518424396442184,39406,20.15,1.96,3841,3.87,2994,5969782550,3103048671,51.97,5969782550,51.97
2022-01-06,76700,77600,76600,76900,12931954,-0.6459948320413437,39406,20.02,1.95,3841,3.89,2994,5969782550,3103895896,52.0,5969782550,52.0
2022-01-07,78100,78400,77400,78300,15163757,1.8205461638491547,39406,20.39,1.99,3841,3.82,2994,5969782550,3106253145,52.03,5969782550,52.03
2022-01-10,78100,78100,77100,78000,9947422,-0.38314176245210724,39406,20.31,1.98,3841,3.84,2994,5969782550,3111061474,52.12,5969782550,52.12
2022-01-11,78400,79000,78000,78900,13221123,1.153846153846154,39406,20.54,2.0,3841,3.79,2994,5969782550,3113132717,52.16,5969782550,52.16
2022-01-12,79500,79600,78600,78900,11000502,0.0,39406,20.54,2.0,3841,3.79,2994,5969782550,3116356289,52.2,5969782550,52.2
2022-01-13,79300,79300,77900,77900,13889401,-1.2674271229404308,39406,20.28,1.98,3841,3.84,2994,5969782550,3115915421,52.2,5969782550,52.2
2022-01-14,77700,78100,77100,77300,10096725,-0.7702182284980745,39406,20.12,1.96,3841,3.87,2994,5969782550,3116075243,52.2,5969782550,52.2
2022-01-17,77600,77800,76900,77500,8785122,0.258732212160414,39406,20.18,1.97,3841,3.86,2994,5969782550,3117552257,52.22,5969782550,52.22
2022-01-18,77600,77800,76600,77000,9592788,-0.6451612903225806,39406,20.05,1.95,3841,3.89,2994,5969782550,3117959691,52.22,5969782550,52.22
2022-01-19,76500,76900,76100,76300,10598290,-0.9090909090909091,39406,19.86,1.94,3841,3.92,2994,5969782550,3118023630,52.22,5969782550,52.22
2022-01-20,76200,76700,75900,76500,9708168,0.2621231979030144,39406,19.92,1.94,3841,3.91,2994,5969782550,3118392997,52.25,5969782550,52.25
2022-01-21,75800,75800,74700,75600,15774888,-1.1764705882352942,39406,19.68,1.92,3841,3.96,2994,5969782550,3117795313,52.22,5969782550,52.22
2022-01-24,75400,75800,74700,75100,13691134,-0.6613756613756614,39406,19.55,1.91,3841,3.99,2994,5969782550,3117247105,52.22,5969782550,52.22
2022-01-25,74800,75000,73200,74000,17766704,-1.4647137150466045,39406,19.27,1.88,3841,4.05,2994,5969782550,3116047012,52.2,5969782550,52.2
2022-01-26,73900,74400,73100,73300,12976730,-0.945945945945946,39406,19.08,1.86,3841,4.08,2994,5969782550,3114698940,52.16,5969782550,52.16
2022-01-27,73800,74000,71300,71300,22274777,-2.728512960436562,39406,18.56,1.81,3841,4.2,2994,5969782550,3114044092,52.16,5969782550,52.16
2022-01-28,71300,73700,71200,73300,21367447,2.805049088359046,39406,19.08,1.86,3841,4.08,2994,5969782550,3112838107,52.12,5969782550,52.12
2022-02-03,74900,74900,73300,73300,17744721,0.0,39406,19.08,1.86,3841,4.08,2994,5969782550,3111153714,52.12,5969782550,52.12
2022-02-04,74300,74600,73400,74000,12730034,0.9549795361527967,39406,19.27,1.88,3841,4.05,2994,5969782550,3109572363,52.1,5969782550,52.1
2022-02-07,73500,73600,72400,73000,14240838,-1.3513513513513513,39406,19.01,1.85,3841,4.1,2994,5969782550,3109609756,52.1,5969782550,52.1
2022-02-08,73800,74200,73000,73500,11736666,0.684931506849315,39406,19.14,1.87,3841,4.07,2994,5969782550,3110031872,52.1,5969782550,52.1
2022-02-09,74300,74700,74000,74700,9699122,1.6326530612244898,39406,19.45,1.9,3841,4.01,2994,5969782550,3111102662,52.12,5969782550,52.12
2022-02-10,75600,75800,74700,75400,17746033,0.9370816599732262,39406,19.63,1.91,3841,3.97,2994,5969782550,3112900044,52.12,5969782550,52.12
2022-02-11,75000,75500,74600,74900,12205407,-0.6631299734748011,39406,19.5,1.9,3841,4.0,2994,5969782550,3115543854,52.2,5969782550,52.2
2022-02-14,74400,74500,73100,73700,13993255,-1.602136181575434,39406,19.19,1.87,3841,4.06,2994,5969782550,3117353123,52.22,5969782550,52.22
2022-02-15,74100,74200,73100,73700,9320365,0.0,39406,19.19,1.87,3841,4.06,2994,5969782550,3116292643,52.2,5969782550,52.2
2022-02-16,74600,74900,74200,74800,10767386,1.4925373134328357,39406,19.47,1.9,3841,4.0,2994,5969782550,3116067143,52.2,5969782550,52.2
2022-02-17,75000,75600,74500,75000,13605382,0.267379679144385,39406,19.53,1.9,3841,3.99,2994,5969782550,3116571603,52.22,5969782550,52.22
2022-02-18,74600,74800,73700,74300,10122226,-0.9333333333333335,39406,19.34,1.89,3841,4.03,2994,5969782550,3118576239,52.25,5969782550,52.25
2022-02-21,73200,74300,72600,74200,10489717,-0.13458950201884254,39406,19.32,1.88,3841,4.04,2994,5969782550,3117727291,52.22,5969782550,52.22
2022-02-22,73000,73400,72800,73400,11692469,-1.078167115902965,39406,19.11,1.86,3841,4.08,2994,5969782550,3117625028,52.22,5969782550,52.22
2022-02-23,73800,73800,72800,73000,10397964,-0.544959128065395,39406,19.01,1.85,3841,4.1,2994,5969782550,3117822707,52.22,5969782550,52.22
2022-02-24,72300,72300,71300,71500,15759283,-2.054794520547945,39406,18.61,1.81,3841,4.19,2994,5969782550,3117740151,52.22,5969782550,52.22
2022-02-25,72100,72600,71900,71900,13168484,0.5594405594405595,39406,18.72,1.82,3841,4.16,2994,5969782550,3115355464,52.2,5969782550,52.2
2022-02-28,71100,72100,71000,72100,17781783,0.27816411682892905,39406,18.77,1.83,3841,4.15,2994,5969782550,3113269708,52.16,5969782550,52.16
2022-03-02,72300,72400,71500,71700,12481430,-0.5547850208044383,39406,18.67,1.82,3841,4.18,2994,5969782550,3110841967,52.12,5969782550,52.12
2022-03-03,72300,73100,72200,72900,13232638,1.6736401673640167,39406,18.98,1.85,3841,4.11,2994,5969782550,3110034648,52.1,5969782550,52.1
2022-03-04,72700,72700,71200,71500,13409634,-1.9204389574759946,39406,18.61,1.81,3841,4.19,2994,5969782550,3110344369,52.1,5969782550,52.1
2022-03-07,70000,70600,69900,70100,18617138,-1.9580419580419581,39406,18.25,1.78,3841,4.27,2994,5969782550,3107060417,52.06,5969782550,52.06
2022-03-08,68800,70000,68700,69500,15828269,-0.8559201141226819,39406,18.09,1.76,3841,4.31,2994,5969782550,3102408223,51.97,5969782550,51.97
2022-03-10,70800,71200,70500,71200,21159248,2.446043165467626,39406,18.54,1.81,3841,4.21,2994,5969782550,3099620605,51.9,5969782550,51.9
2022-03-11,70500,70700,69700,70000,15787655,-1.6853932584269662,39406,18.22,1.78,3841,4.28,2994,5969782550,3097577483,51.88,5969782550,51.88
2022-03-14,70000,70200,69600,70200,9040993,0.2857142857142857,39406,18.28,1.78,3841,4.26,2994,5969782550,3093568319,51.8,5969782550,51.8
2022-03-15,69800,70100,69500,69500,10258562,-0.9971509971509971,39406,18.09,1.76,3841,4.31,2994,5969782550,3094484038,51.84,5969782550,51.84
2022-03-16,70200,70500,69700,70400,10175750,1.2949640287769784,39406,18.33,1.79,3841,4.25,2994,5969782550,3092555334,51.8,5969782550,51.8
2022-03-17,71200,71800,70900,71200,17646315,1.1363636363636365,39406,18.54,1.81,3841,4.21,2994,5969782550,3091452092,51.78,5969782550,51.78
2022-03-18,70600,70900,70200,70700,14410038,-0.7022471910112359,39406,18.41,1.79,3841,4.23,2994,5969782550,3091552597,51.78,5969782550,51.78
2022-03-21,70900,71000,69900,69900,11169002,-1.1315417256011315,39406,18.2,1.77,3841,4.28,2994,5969782550,3091699762,51.78,5969782550,51.78
2022-03-22,69900,70500,69900,70300,9402666,0.5722460658082975,39406,18.3,1.78,3841,4.26,2994,5969782550,3089271501,51.75,5969782550,51.75
2022-03-23,70600,71200,70300,70500,12398025,0.2844950213371266,39406,18.35,1.79,3841,4.25,2994,5969782550,3089354161,51.75,5969782550,51.75
2022-03-24,69600,70300,69600,69800,37943357,-0.9929078014184398,39406,18.17,1.77,3841,4.29,2994,5969782550,3088812825,51.75,5969782550,51.75
2022-03-25,70100,70200,69600,69800,12986010,0.0,39406,18.17,1.77,3841,4.29,2994,5969782550,3102609703,51.97,5969782550,51.97
2022-03-28,69500,69900,69200,69700,12619289,-0.14326647564469913,39406,18.15,1.77,3841,4.3,2994,5969782550,3098667379,51.9,5969782550,51.9
2022-03-29,70000,70300,69800,70200,13686208,0.7173601147776184,39406,18.28,1.78,3841,4.26,2994,5969782550,3094548397,51.84,5969782550,51.84
2022-03-30,70300,70500,69800,69900,12670187,-0.4273504273504274,39406,18.2,1.77,3841,4.28,2994,5969782550,3091884171,51.78,5969782550,51.78
2022-03-31,69900,70200,69600,69600,12510366,-0.4291845493562232,39406,18.12,1.77,3841,4.3,2994,5969782550,3089790039,51.75,5969782550,51.75
2022-04-01,69500,69500,69000,69100,15916846,-0.7183908045977011,39406,17.99,1.75,3841,4.33,2994,5969782550,3084994797,51.7,5969782550,51.7
2022-04-04,68900,69300,68600,69300,11107905,0.2894356005788712,39406,18.04,1.76,3841,4.32,2994,5969782550,3082137564,51.62,5969782550,51.62
2022-04-05,69400,69600,69100,69200,8467248,-0.1443001443001443,39406,18.02,1.76,3841,4.33,2994,5969782550,3081006161,51.62,5969782550,51.62
2022-04-06,68600,68800,68500,68500,15517308,-1.0115606936416186,39406,17.83,1.74,3841,4.37,2994,5969782550,3081232660,51.62,5969782550,51.62
2022-04-07,68500,68500,68000,68000,20683327,-0.7299270072992701,39406,17.7,1.73,3841,4.4,2994,5969782550,3075816897,51.53,5969782550,51.53
2022-04-08,68100,68300,67700,67800,15453191,-0.29411764705882354,39406,17.65,1.72,3841,4.42,2994,5969782550,3070934667,51.44,5969782550,51.44
2022-04-11,67800,68100,67400,67900,12263735,0.14749262536873156,39406,17.68,1.72,3841,4.41,2994,5969782550,3066657575,51.38,5969782550,51.38
2022-04-12,67600,67700,67000,67000,13924389,-1.3254786450662739,39406,17.44,1.7,3841,4.47,2994,5969782550,3065148043,51.34,5969782550,51.34
2022-04-13,67300,69000,67200,68700,17378619,2.5373134328358207,39406,17.89,1.74,3841,4.36,2994,5969782550,3062235805,51.3,5969782550,51.3
2022-04-14,68700,68700,67500,67500,16409494,-1.7467248908296942,39406,17.57,1.71,3841,4.44,2994,5969782550,3062361353,51.3,5969782550,51.3
2022-04-15,67200,67300,66500,66600,13176415,-1.3333333333333335,39406,17.34,1.69,3841,4.5,2994,5969782550,3059796940,51.25,5969782550,51.25
2022-04-18,66500,67100,66100,66700,10119203,0.15015015015015015,39406,17.37,1.69,3841,4.49,2994,5969782550,3057315064,51.22,5969782550,51.22
2022-04-19,67100,68000,67000,67300,12959434,0.8995502248875562,39406,17.52,1.71,3841,4.45,2994,5969782550,3055918638,51.2,5969782550,51.2
2022-04-20,67000,67400,66500,67400,16693293,0.1485884101040119,39406,17.55,1.71,3841,4.44,2994,5969782550,3054836528,51.16,5969782550,51.16
2022-04-21,67600,68300,67500,67700,12847448,0.44510385756676557,39406,17.63,1.72,3841,4.42,2994,5969782550,3052739125,51.12,5969782550,51.12
2022-04-22,67200,67300,66700,67000,11791478,-1.03397341211226,39406,17.44,1.7,3841,4.47,2994,5969782550,3052732371,51.12,5969782550,51.12
2022-04-25,66500,66700,66300,66300,11016474,-1.0447761194029852,39406,17.26,1.68,3841,4.52,2994,5969782550,3052203489,51.12,5969782550,51.12
2022-04-26,66400,66700,66100,66100,12946923,-0.301659125188537,39406,17.21,1.68,3841,4.53,2994,5969782550,3049261871,51.1,5969782550,51.1
2022-04-27,65400,65500,64900,65000,18122084,-1.6641452344931922,39406,16.92,1.65,3841,4.61,2994,5969782550,3045105055,51.0,5969782550,51.0
2022-04-28,65400,65500,64500,64800,16895527,-0.3076923076923077,39406,16.87,1.64,3841,4.62,2994,5969782550,3040658556,50.94,5969782550,50.94
2022-04-29,65100,67600,65000,67400,26190390,4.012345679012346,39406,17.55,1.71,3841,4.44,2994,5969782550,3037059382,50.88,5969782550,50.88
2022-05-02,66600,67600,66500,67300,14106184,-0.1483679525222552,43611,11.65,1.54,5777,2.15,1444,5969782550,3038436890,50.9,5969782550,50.9
2022-05-03,67400,68400,67300,67500,14168875,0.2971768202080238,43611,11.68,1.55,5777,2.14,1444,5969782550,3037644971,50.88,5969782550,50.88
2022-05-04,68000,68400,67500,67900,11505248,0.5925925925925926,43611,11.75,1.56,5777,2.13,1444,5969782550,3038107622,50.88,5969782550,50.88
2022-05-06,67000,67100,66500,66500,14356156,-2.0618556701030926,43611,11.51,1.52,5777,2.17,1444,5969782550,3037899793,50.88,5969782550,50.88
2022-05-09,66300,66900,66100,66100,11858736,-0.6015037593984963,43611,11.44,1.52,5777,2.18,1444,5969782550,3033670013,50.8,5969782550,50.8
2022-05-10,65900,66300,65300,65700,17235605,-0.6051437216338881,43611,11.37,1.51,5777,2.2,1444,5969782550,3033311477,50.8,5969782550,50.8
2022-05-11,65500,66300,65200,65700,12330920,0.0,43611,11.37,1.51,5777,2.2,1444,5969782550,3031704540,50.78,5969782550,50.78
2022-05-12,65200,65500,64900,64900,16414188,-1.21765601217656,43611,11.23,1.49,5777,2.22,1444,5969782550,3031551829,50.78,5969782550,50.78
2022-05-13,65300,66700,65200,66500,14551536,2.465331278890601,43611,11.51,1.52,5777,2.17,1444,5969782550,3029850742,50.75,5969782550,50.75
2022-05-16,67100,67400,66100,66300,11937555,-0.30075187969924816,43611,11.48,1.52,5777,2.18,1444,5969782550,3028851086,50.75,5969782550,50.75
2022-05-17,66600,67900,66600,67600,15680447,1.9607843137254901,43611,11.7,1.55,5777,2.14,1444,5969782550,3029374506,50.75,5969782550,50.75
2022-05-18,68300,68700,67600,68100,16486319,0.7396449704142012,43611,11.79,1.56,5777,2.12,1444,5969782550,3029334692,50.75,5969782550,50.75
2022-05-19,66500,67600,66500,67500,17073727,-0.881057268722467,43611,11.68,1.55,5777,2.14,1444,5969782550,3030803509,50.78,5969782550,50.78
2022-05-20,67800,68400,67700,68000,12109671,0.7407407407407408,43611,11.77,1.56,5777,2.12,1444,5969782550,3030794918,50.78,5969782550,50.78
2022-05-23,68800,68800,67600,67900,13684088,-0.14705882352941177,43611,11.75,1.56,5777,2.13,1444,5969782550,3029459950,50.75,5969782550,50.75
2022-05-24,67500,67700,66500,66500,15482576,-2.0618556701030926,43611,11.51,1.52,5777,2.17,1444,5969782550,3028809560,50.75,5969782550,50.75
2022-05-25,66700,67100,65900,66400,15150490,-0.15037593984962408,43611,11.49,1.52,5777,2.17,1444,5969782550,3026167934,50.7,5969782550,50.7
2022-05-26,66300,67200,65500,65900,15970890,-0.7530120481927711,43611,11.41,1.51,5777,2.19,1444,5969782550,3023795143,50.66,5969782550,50.66
2022-05-27,66700,66900,66200,66500,11405555,0.9104704097116844,43611,11.51,1.52,5777,2.17,1444,5969782550,3022334918,50.62,5969782550,50.62
2022-05-30,67500,67800,66900,67700,14255484,1.8045112781954888,43611,11.72,1.55,5777,2.13,1444,5969782550,3020994714,50.6,5969782550,50.6
2022-05-31,67500,67500,66700,67400,24365002,-0.4431314623338257,43611,11.67,1.55,5777,2.14,1444,5969782550,3021796730,50.62,5969782550,50.62
2022-06-02,66600,67000,66400,66700,14959443,-1.0385756676557862,43611,11.55,1.53,5777,2.16,1444,5969782550,3021798337,50.62,5969782550,50.62
2022-06-03,67200,67300,66800,66800,8222883,0.14992503748125938,43611,11.56,1.53,5777,2.16,1444,5969782550,3020673881,50.6,5969782550,50.6
2022-06-07,66200,66400,65400,65500,19355755,-1.9461077844311379,43611,11.34,1.5,5777,2.2,1444,5969782550,3020353584,50.6,5969782550,50.6
2022-06-08,65400,65700,65300,65300,12483180,-0.3053435114503817,43611,11.3,1.5,5777,2.21,1444,5969782550,3017182001,50.53,5969782550,50.53
2022-06-09,65100,65200,64500,65200,25790725,-0.1531393568147014,43611,11.29,1.5,5777,2.21,1444,5969782550,3014571709,50.5,5969782550,50.5
2022-06-10,64000,64400,63800,63800,22193552,-2.147239263803681,43611,11.04,1.46,5777,2.26,1444,5969782550,3008277517,50.38,5969782550,50.38
2022-06-13,62400,62800,62100,62100,22157816,-2.664576802507837,43611,10.75,1.42,5777,2.33,1444,5969782550,3000121771,50.25,5969782550,50.25
2022-06-14,61200,62200,61100,61900,24606419,-0.322061191626409,43611,10.71,1.42,5777,2.33,1444,5969782550,2997095779,50.2,5969782550,50.2
2022-06-15,61300,61500,60200,60700,26811224,-1.938610662358643,43611,10.51,1.39,5777,2.38,1444,5969782550,2996014845,50.2,5969782550,50.2
2022-06-16,61300,61800,60500,60900,23394895,0.3294892915980231,43611,10.54,1.4,5777,2.37,1444,5969782550,2991621350,50.12,5969782550,50.12
2022-06-17,59400,59900,59400,59800,29053450,-1.8062397372742198,43611,10.35,1.37,5777,2.41,1444,5969782550,2990557351,50.1,5969782550,50.1
2022-06-20,59800,59900,58100,58700,34111306,-1.839464882943144,43611,10.16,1.35,5777,2.46,1444,5969782550,2982876700,49.97,5969782550,49.97
2022-06-21,58700,59200,58200,58500,25148109,-0.34071550255536626,43611,10.13,1.34,5777,2.47,1444,5969782550,2977796415,49.88,5969782550,49.88
2022-06-22,59000,59100,57600,57600,23334687,-1.5384615384615385,43611,9.97,1.32,5777,2.51,1444,5969782550,2973861743,49.8,5969782550,49.8
2022-06-23,57700,58000,56800,57400,28338608,-0.3472222222222222,43611,9.94,1.32,5777,2.52,1444,5969782550,2972579013,49.78,5969782550,49.78
2022-06-24,57900,59100,57700,58400,23256103,1.7421602787456445,43611,10.11,1.34,5777,2.47,1444,5969782550,2968102430,49.72,5969782550,49.72
2022-06-27,59000,59900,58300,58800,18122236,0.684931506849315,43611,10.18,1.35,5777,2.46,1444,5969782550,2965488250,49.66,5969782550,49.66
2022-06-28,59200,59500,58700,59400,13540538,1.0204081632653061,43611,10.28,1.36,5777,2.43,1444,5969782550,2966406767,49.7,5969782550,49.7
2022-06-29,58500,58800,58000,58000,14677138,-2.356902356902357,43611,10.04,1.33,5777,2.49,1444,5969782550,2967012527,49.7,5969782550,49.7
2022-06-30,57200,57600,57000,57000,18915142,-1.7241379310344827,43611,9.87,1.31,5777,2.53,1444,5969782550,2966968058,49.7,5969782550,49.7
2022-07-01,56900,57500,55900,56200,24982097,-1.4035087719298245,43611,9.73,1.29,5777,2.57,1444,5969782550,2964072231,49.66,5969782550,49.66
2022-07-04,56100,57400,55700,57100,17807126,1.601423487544484,43611,9.88,1.31,5777,2.53,1444,5969782550,2960562578,49.6,5969782550,49.6
2022-07-05,57600,58200,57200,57200,14216539,0.17513134851138354,43611,9.9,1.31,5777,2.52,1444,5969782550,2960027046,49.6,5969782550,49.6
2022-07-06,57300,57300,56400,56400,16820461,-1.3986013986013985,43611,9.76,1.29,5777,2.56,1444,5969782550,2958727791,49.56,5969782550,49.56
2022-07-07,56400,58700,56300,58200,21322833,3.1914893617021276,43611,10.07,1.33,5777,2.48,1444,5969782550,2958082504,49.56,5969782550,49.56
2022-07-08,58600,59300,58200,58700,15339271,0.859106529209622,43611,10.16,1.35,5777,2.46,1444,5969782550,2960394809,49.6,5969782550,49.6
2022-07-11,59300,59600,58700,58800,13042624,0.17035775127768313,43611,10.18,1.35,5777,2.46,1444,5969782550,2961743614,49.62,5969782550,49.62
2022-07-12,58600,58700,58100,58100,9336061,-1.1904761904761905,43611,10.06,1.33,5777,2.49,1444,5969782550,2963440495,49.62,5969782550,49.62
2022-07-13,58300,58600,58000,58000,10841315,-0.17211703958691912,43611,10.04,1.33,5777,2.49,1444,5969782550,2963506674,49.62,5969782550,49.62
2022-07-14,57500,58200,57400,57500,15067012,-0.8620689655172413,43611,9.95,1.32,5777,2.51,1444,5969782550,2961623320,49.62,5969782550,49.62
2022-07-15,58400,60000,58100,60000,18685583,4.3478260869565215,43611,10.39,1.38,5777,2.41,1444,5969782550,2964266122,49.66,5969782550,49.66
2022-07-18,60600,62000,60500,61900,20832517,3.166666666666667,43611,10.71,1.42,5777,2.33,1444,5969782550,2969543414,49.75,5969782550,49.75
2022-07-19,61400,61500,60200,60900,15248261,-1.615508885298869,43611,10.54,1.4,5777,2.37,1444,5969782550,2973130459,49.8,5969782550,49.8
2022-07-20,61800,62100,60500,60500,16782238,-0.6568144499178982,43611,10.47,1.39,5777,2.39,1444,5969782550,2971873878,49.78,5969782550,49.78
2022-07-21,61100,61900,60700,61800,12291374,2.1487603305785123,43611,10.7,1.42,5777,2.34,1444,5969782550,2968815782,49.72,5969782550,49.72
2022-07-22,61800,62200,61200,61300,10261310,-0.8090614886731391,43611,10.61,1.41,5777,2.36,1444,5969782550,2971604308,49.78,5969782550,49.78
2022-07-25,60900,61900,60800,61100,9193681,-0.3262642740619902,43611,10.58,1.4,5777,2.36,1444,5969782550,2972375415,49.78,5969782550,49.78
2022-07-26,60800,61900,60800,61700,6597211,0.9819967266775778,43611,10.68,1.41,5777,2.34,1444,5969782550,2972099731,49.78,5969782550,49.78
2022-07-27,61300,61900,61200,61800,7320997,0.1620745542949757,43611,10.7,1.42,5777,2.34,1444,5969782550,2972792162,49.8,5969782550,49.8
2022-07-28,62300,62600,61600,61900,10745302,0.16181229773462785,43611,10.71,1.42,5777,2.33,1444,5969782550,2973391951,49.8,5969782550,49.8
2022-07-29,62400,62600,61300,61400,15093120,-0.8077544426494345,43611,10.63,1.41,5777,2.35,1444,5969782550,2975485738,49.84,5969782550,49.84
2022-08-01,61000,61700,60300,61300,13154816,-0.16286644951140067,43611,10.61,1.41,5777,2.36,1444,5969782550,2973939771,49.8,5969782550,49.8
2022-08-02,61200,61900,61000,61700,13614895,0.6525285481239804,43611,10.68,1.41,5777,2.34,1444,5969782550,2974186694,49.8,5969782550,49.8
2022-08-03,61600,61600,61000,61300,10053861,-0.6482982171799028,43611,10.61,1.41,5777,2.36,1444,5969782550,2977990096,49.88,5969782550,49.88
2022-08-04,61700,61800,61200,61500,9125439,0.3262642740619902,43611,10.65,1.41,5777,2.35,1444,5969782550,2977784376,49.88,5969782550,49.88
2022-08-05,61700,61900,61200,61500,9567620,0.0,43611,10.65,1.41,5777,2.35,1444,5969782550,2978612121,49.88,5969782550,49.88
2022-08-08,61400,61400,60600,60800,11313150,-1.1382113821138211,43611,10.52,1.39,5777,2.38,1444,5969782550,2977991499,49.88,5969782550,49.88
2022-08-09,60600,60700,59600,60000,18251170,-1.3157894736842104,43611,10.39,1.38,5777,2.41,1444,5969782550,2977890657,49.88,5969782550,49.88
2022-08-10,58900,59200,58600,59100,18084349,-1.5,43611,10.23,1.36,5777,2.44,1444,5969782550,2973957070,49.8,5969782550,49.8
2022-08-11,59600,60000,59300,59900,15141941,1.353637901861252,43611,10.37,1.37,5777,2.41,1444,5969782550,2970352957,49.75,5969782550,49.75
2022-08-12,59500,60700,59400,60200,10786658,0.5008347245409015,43611,10.42,1.38,5777,2.4,1444,5969782550,2968412504,49.72,5969782550,49.72
2022-08-16,60500,61600,60300,61000,15036727,1.3289036544850499,43611,10.56,1.4,5777,2.37,1444,5969782550,2968632480,49.72,5969782550,49.72
2022-08-17,61100,61200,60300,60400,9061518,-0.9836065573770493,43611,10.46,1.38,5777,2.39,1444,5969782550,2969458335,49.75,5969782550,49.75
2022-08-18,60300,61900,60000,61500,16372754,1.8211920529801324,43611,10.65,1.41,5777,2.35,1444,5969782550,2968930408,49.72,5969782550,49.72
2022-08-19,61400,61600,60600,60900,6923679,-0.975609756097561,43611,10.54,1.4,5777,2.37,1444,5969782550,2973522571,49.8,5969782550,49.8
2022-08-22,60300,60400,59800,60000,8259865,-1.477832512315271,43611,10.39,1.38,5777,2.41,1444,5969782550,2973627030,49.8,5969782550,49.8
2022-08-23,59000,59600,59000,59100,9041629,-1.5,43611,10.23,1.36,5777,2.44,1444,5969782550,2973455175,49.8,5969782550,49.8
2022-08-24,59200,59500,59000,59000,8888486,-0.1692047377326565,43611,10.21,1.35,5777,2.45,1444,5969782550,2972803760,49.8,5969782550,49.8
2022-08-25,59200,59700,59000,59700,5767902,1.1864406779661016,43611,10.33,1.37,5777,2.42,1444,5969782550,2973086966,49.8,5969782550,49.8
2022-08-26,60300,60900,59900,60000,9499995,0.5025125628140703,43611,10.39,1.38,5777,2.41,1444,5969782550,2973294725,49.8,5969782550,49.8
2022-08-29,58700,58900,58600,58600,9841329,-2.3333333333333335,43611,10.14,1.34,5777,2.46,1444,5969782550,2973418300,49.8,5969782550,49.8
2022-08-30,58700,59000,58300,58800,9690044,0.3412969283276451,43611,10.18,1.35,5777,2.46,1444,5969782550,2972909661,49.8,5969782550,49.8
2022-08-31,58200,59900,58200,59700,14203512,1.530612244897959,43611,10.33,1.37,5777,2.42,1444,5969782550,2971425254,49.78,5969782550,49.78
2022-09-01,58700,58900,58300,58400,14905777,-2.1775544388609713,43611,10.11,1.34,5777,2.47,1444,5969782550,2974643754,49.84,5969782550,49.84
2022-09-02,58300,58600,57500,57500,15040310,-1.5410958904109588,43611,9.95,1.32,5777,2.51,1444,5969782550,2974218467,49.8,5969782550,49.8
2022-09-05,57400,57800,56800,57100,11425977,-0.6956521739130435,43611,9.88,1.31,5777,2.53,1444,5969782550,2970775551,49.75,5969782550,49.75
2022-09-06,57200,57600,56900,57100,7503086,0.0,43611,9.88,1.31,5777,2.53,1444,5969782550,2968024377,49.72,5969782550,49.72
2022-09-07,56700,56700,55900,56000,17384854,-1.926444833625219,43611,9.69,1.28,5777,2.58,1444,5969782550,2967411152,49.72,5969782550,49.72
2022-09-08,56200,56400,55600,55600,18000016,-0.7142857142857143,43611,9.62,1.27,5777,2.6,1444,5969782550,2962475920,49.62,5969782550,49.62
2022-09-13,57000,58500,56800,58100,17166581,4.496402877697841,43611,10.06,1.33,5777,2.49,1444,5969782550,2956552587,49.53,5969782550,49.53
2022-09-14,56200,57200,56100,56800,12524961,-2.2375215146299485,43611,9.83,1.3,5777,2.54,1444,5969782550,2957674824,49.53,5969782550,49.53
2022-09-15,57000,57100,56000,56000,11664819,-1.4084507042253522,43611,9.69,1.28,5777,2.58,1444,5969782550,2957697174,49.53,5969782550,49.53
2022-09-16,55600,56400,55500,56200,13456503,0.35714285714285715,43611,9.73,1.29,5777,2.57,1444,5969782550,2955038684,49.5,5969782550,49.5
2022-09-19,56300,57000,56000,56400,12278653,0.3558718861209964,43611,9.76,1.29,5777,2.56,1444,5969782550,2954444957,49.5,5969782550,49.5
2022-09-20,56400,57000,55800,55800,14041465,-1.0638297872340425,43611,9.66,1.28,5777,2.59,1444,5969782550,2954064340,49.47,5969782550,49.47
2022-09-21,55400,55500,55000,55300,11863700,-0.8960573476702508,43611,9.57,1.27,5777,2.61,1444,5969782550,2950760762,49.44,5969782550,49.44
2022-09-22,54600,54700,54300,54400,12786510,-1.62748643761302,43611,9.42,1.25,5777,2.65,1444,5969782550,2946955333,49.38,5969782550,49.38
2022-09-23,54400,54900,54200,54500,10555964,0.1838235294117647,43611,9.43,1.25,5777,2.65,1444,5969782550,2944596606,49.34,5969782550,49.34
2022-09-26,53700,54200,53600,53900,15008449,-1.1009174311926606,43611,9.33,1.24,5777,2.68,1444,5969782550,2945888782,49.34,5969782550,49.34
2022-09-27,53800,54200,53500,54200,16631289,0.5565862708719851,43611,9.38,1.24,5777,2.66,1444,5969782550,2943617219,49.3,5969782550,49.3
2022-09-28,53900,54400,52500,52900,19991129,-2.3985239852398523,43611,9.16,1.21,5777,2.73,1444,5969782550,2943593254,49.3,5969782550,49.3
2022-09-29,53300,53700,52600,52600,13882080,-0.5671077504725899,43611,9.11,1.21,5777,2.75,1444,5969782550,2940713860,49.25,5969782550,49.25
2022-09-30,52300,53600,51800,53100,22503249,0.9505703422053232,43611,9.19,1.22,5777,2.72,1444,5969782550,2939724022,49.25,5969782550,49.25
2022-10-04,55300,55400,54500,55200,19148435,3.954802259887006,43611,9.56,1.27,5777,2.62,1444,5969782550,2941181170,49.28,5969782550,49.28
2022-10-05,56900,57200,55400,56000,22458970,1.4492753623188406,43611,9.69,1.28,5777,2.58,1444,5969782550,2945767622,49.34,5969782550,49.34
2022-10-06,56700,57300,56300,56300,14944446,0.5357142857142857,43611,9.75,1.29,5777,2.56,1444,5969782550,2949979581,49.4,5969782550,49.4
2022-10-07,55900,56900,55200,56200,16886813,-0.17761989342806395,43611,9.73,1.29,5777,2.57,1444,5969782550,2951334517,49.44,5969782550,49.44
2022-10-11,54400,55700,54000,55400,21437877,-1.4234875444839856,43611,9.59,1.27,5777,2.61,1444,5969782550,2952555506,49.47,5969782550,49.47
2022-10-12,55700,57000,55200,55800,18408910,0.7220216606498195,43611,9.66,1.28,5777,2.59,1444,5969782550,2952967944,49.47,5969782550,49.47
2022-10-13,55400,56100,55200,55200,13784602,-1.0752688172043012,43611,9.56,1.27,5777,2.62,1444,5969782550,2955388868,49.5,5969782550,49.5
2022-10-14,56200,56500,55800,56300,12924326,1.9927536231884055,43611,9.75,1.29,5777,2.56,1444,5969782550,2955641762,49.5,5969782550,49.5
2022-10-17,55800,57000,55700,56600,13641878,0.5328596802841918,43611,9.8,1.3,5777,2.55,1444,5969782550,2955958687,49.53,5969782550,49.53
2022-10-18,56700,57100,55800,56500,14820702,-0.17667844522968199,43611,9.78,1.3,5777,2.56,1444,5969782550,2957233283,49.53,5969782550,49.53
2022-10-19,56700,56900,55700,55800,12660652,-1.238938053097345,43611,9.66,1.28,5777,2.59,1444,5969782550,2959880718,49.6,5969782550,49.6
2022-10-20,55200,56000,55100,55500,17107653,-0.5376344086021506,43611,9.61,1.27,5777,2.6,1444,5969782550,2958575087,49.56,5969782550,49.56
2022-10-21,55100,56300,55100,55900,11456060,0.7207207207207207,43611,9.68,1.28,5777,2.58,1444,5969782550,2960179870,49.6,5969782550,49.6
2022-10-24,57000,57500,56700,57500,16944503,2.862254025044723,43611,9.95,1.32,5777,2.51,1444,5969782550,2959527410,49.6,5969782550,49.6
2022-10-25,57000,58600,57000,57700,17405678,0.34782608695652173,43611,9.99,1.32,5777,2.5,1444,5969782550,2963580143,49.62,5969782550,49.62
2022-10-26,58000,59600,57700,59400,20824967,2.946273830155979,43611,10.28,1.36,5777,2.43,1444,5969782550,2964563086,49.66,5969782550,49.66
2022-10-27,59700,60100,58900,59500,21756712,0.16835016835016833,43611,10.3,1.36,5777,2.43,1444,5969782550,2970280340,49.75,5969782550,49.75
2022-10-28,58900,59200,57200,57300,20924937,-3.697478991596639,43611,9.92,1.31,5777,2.52,1444,5969782550,2970251911,49.75,5969782550,49.75
2022-10-31,58100,59900,58000,59400,18999514,3.664921465968586,43611,10.28,1.36,5777,2.43,1444,5969782550,2969111795,49.75,5969782550,49.75
2022-11-01,59900,60300,59500,60000,17201647,1.0101010101010102,43611,10.39,1.38,5777,2.41,1444,5969782550,2973205848,49.8,5969782550,49.8
2022-11-02,59700,60000,59300,59600,13202919,-0.6666666666666667,43611,10.32,1.37,5777,2.42,1444,5969782550,2973988488,49.8,5969782550,49.8
2022-11-03,58600,59800,58100,59200,17492162,-0.6711409395973155,43611,10.25,1.36,5777,2.44,1444,5969782550,2975526943,49.84,5969782550,49.84
2022-11-04,59100,59500,58400,59400,12445841,0.33783783783783783,43611,10.28,1.36,5777,2.43,1444,5969782550,2976921806,49.88,5969782550,49.88
2022-11-07,59700,60300,59400,60200,12437246,1.3468013468013467,43611,10.42,1.38,5777,2.4,1444,5969782550,2975313782,49.84,5969782550,49.84
2022-11-08,60500,61900,60500,61800,18273898,2.6578073089700998,43611,10.7,1.42,5777,2.34,1444,5969782550,2976678983,49.88,5969782550,49.88
2022-11-09,62000,62200,61300,62000,14045592,0.3236245954692557,43611,10.73,1.42,5777,2.33,1444,5969782550,2979876917,49.9,5969782550,49.9
2022-11-10,61400,61500,60400,60400,21087633,-2.5806451612903225,43611,10.46,1.38,5777,2.39,1444,5969782550,2980976424,49.94,5969782550,49.94
2022-11-11,63100,63200,62300,62900,20037163,4.13907284768212,43611,10.89,1.44,5777,2.3,1444,5969782550,2977418352,49.88,5969782550,49.88
2022-11-14,62900,62900,61700,61900,15973416,-1.5898251192368837,43611,10.71,1.42,5777,2.33,1444,5969782550,2980121987,49.9,5969782550,49.9
2022-11-15,62200,62500,61600,62400,12310986,0.8077544426494345,43611,10.8,1.43,5777,2.31,1444,5969782550,2980267822,49.9,5969782550,49.9
2022-11-16,62400,62700,61700,62700,12909260,0.4807692307692308,43611,10.85,1.44,5777,2.3,1444,5969782550,2980905373,49.94,5969782550,49.94
2022-11-17,62000,62000,61300,61400,13298296,-2.073365231259968,43611,10.63,1.41,5777,2.35,1444,5969782550,2981387139,49.94,5969782550,49.94
2022-11-18,61800,62400,61400,61800,12236503,0.6514657980456027,43611,10.7,1.42,5777,2.34,1444,5969782550,2978984149,49.9,5969782550,49.9
2022-11-21,61400,61800,60800,61400,9378097,-0.6472491909385114,43611,10.63,1.41,5777,2.35,1444,5969782550,2979858052,49.9,5969782550,49.9
2022-11-22,60900,61200,60300,60600,9411289,-1.3029315960912053,43611,10.49,1.39,5777,2.38,1444,5969782550,2979072715,49.9,5969782550,49.9
2022-11-23,61200,61300,60700,61000,8765050,0.6600660066006601,43611,10.56,1.4,5777,2.37,1444,5969782550,2978807506,49.9,5969782550,49.9
2022-11-24,61200,61700,60900,61400,8125010,0.6557377049180327,43611,10.63,1.41,5777,2.35,1444,5969782550,2979086900,49.9,5969782550,49.9
2022-11-25,61400,61700,60800,61000,6677933,-0.6514657980456027,43611,10.56,1.4,5777,2.37,1444,5969782550,2979300974,49.9,5969782550,49.9
2022-11-28,60500,60500,59800,60100,8589032,-1.4754098360655739,43611,10.4,1.38,5777,2.4,1444,5969782550,2978862408,49.9,5969782550,49.9
2022-11-29,59900,60600,59800,60600,7014160,0.8319467554076538,43611,10.49,1.39,5777,2.38,1444,5969782550,2980114799,49.9,5969782550,49.9
2022-11-30,60400,62200,60200,62200,19768903,2.6402640264026402,43611,10.77,1.43,5777,2.32,1444,5969782550,2980158310,49.9,5969782550,49.9
2022-12-01,63100,63200,62300,62600,16631445,0.6430868167202572,43611,10.84,1.44,5777,2.31,1444,5969782550,2985680848,50.0,5969782550,50.0
2022-12-02,62500,62500,60400,60400,15331184,-3.5143769968051117,43611,10.46,1.38,5777,2.39,1444,5969782550,2988724193,50.06,5969782550,50.06
2022-12-05,60900,61100,60000,60300,13767787,-0.16556291390728478,43611,10.44,1.38,5777,2.39,1444,5969782550,2986880659,50.03,5969782550,50.03
2022-12-06,59800,60100,59200,59200,13888300,-1.8242122719734661,43611,10.25,1.36,5777,2.44,1444,5969782550,2984654935,50.0,5969782550,50.0
2022-12-07,58800,59600,58500,58900,12100662,-0.5067567567567568,43611,10.2,1.35,5777,2.45,1444,5969782550,2981696169,49.94,5969782550,49.94
2022-12-08,58700,59200,58600,59200,12986815,0.5093378607809848,43611,10.25,1.36,5777,2.44,1444,5969782550,2980779688,49.94,5969782550,49.94
2022-12-09,59300,60600,59300,60400,10529632,2.027027027027027,43611,10.46,1.38,5777,2.39,1444,5969782550,2980406091,49.9,5969782550,49.9
2022-12-12,59900,60000,59400,59500,9036472,-1.490066225165563,43611,10.3,1.36,5777,2.43,1444,5969782550,2980990765,49.94,5969782550,49.94
2022-12-13,59600,60300,59400,59700,9040873,0.33613445378151263,43611,10.33,1.37,5777,2.42,1444,5969782550,2980543814,49.94,5969782550,49.94
2022-12-14,59800,60600,59800,60500,8207485,1.340033500837521,43611,10.47,1.39,5777,2.39,1444,5969782550,2981218354,49.94,5969782550,49.94
2022-12-15,59800,60200,59300,59300,8716039,-1.9834710743801653,43611,10.26,1.36,5777,2.44,1444,5969782550,2982290225,49.97,5969782550,49.97
2022-12-16,58300,59500,58300,59500,13033596,0.33726812816188867,43611,10.3,1.36,5777,2.43,1444,5969782550,2982263753,49.97,5969782550,49.97
2022-12-19,59500,59900,59100,59500,7696187,0.0,43611,10.3,1.36,5777,2.43,1444,5969782550,2984491050,50.0,5969782550,50.0
2022-12-20,59000,59100,58500,58600,9284761,-1.5126050420168067,43611,10.14,1.34,5777,2.46,1444,5969782550,2983446095,49.97,5969782550,49.97
2022-12-21,58700,59100,58000,58000,10356971,-1.023890784982935,43611,10.04,1.33,5777,2.49,1444,5969782550,2981767754,49.94,5969782550,49.94
2022-12-22,58100,59100,58100,59100,10720630,1.896551724137931,43611,10.23,1.36,5777,2.44,1444,5969782550,2979216295,49.9,5969782550,49.9
2022-12-23,58200,58400,57700,58100,9829407,-1.6920473773265652,43611,10.06,1.33,5777,2.49,1444,5969782550,2978142067,49.88,5969782550,49.88
2022-12-26,58000,58100,57700,57900,6756411,-0.34423407917383825,43611,10.02,1.33,5777,2.49,1444,5969782550,2972400331,49.78,5969782550,49.78
2022-12-27,58000,58400,57900,58100,10667027,0.3454231433506045,43611,10.06,1.33,5777,2.49,1444,5969782550,2971666287,49.78,5969782550,49.78
2022-12-28,57600,57600,56400,56600,14665410,-2.5817555938037864,43611,9.8,1.3,5777,2.55,1444,5969782550,2970088904,49.75,5969782550,49.75
2022-12-29,56000,56200,55300,55300,11295935,-2.2968197879858656,43611,9.57,1.27,5777,2.61,1444,5969782550,2966676475,49.7,5969782550,49.7
2023-01-02,55500,56100,55200,55500,10031448,0.3616636528028933,43611,9.61,1.27,5777,2.6,1444,5969782550,2965339762,49.66,5969782550,49.66
2023-01-03,55400,56000,54500,55400,13547030,-0.18018018018018017,43611,9.59,1.27,5777,2.61,1444,5969782550,2964905145,49.66,5969782550,49.66
2023-01-04,55700,58000,55600,57800,20188071,4.332129963898916,43611,10.01,1.33,5777,2.5,1444,5969782550,2970400648,49.75,5969782550,49.75
2023-01-05,58200,58800,57600,58200,15682826,0.6920415224913495,43611,10.07,1.33,5777,2.48,1444,5969782550,2974040575,49.8,5969782550,49.8
2023-01-06,58300,59400,57900,59000,17334989,1.3745704467353952,43611,10.21,1.35,5777,2.45,1444,5969782550,2977126583,49.88,5969782550,49.88
2023-01-09,59700,60700,59600,60700,18640107,2.8813559322033897,43611,10.51,1.39,5777,2.38,1444,5969782550,2979701881,49.9,5969782550,49.9
2023-01-10,60200,61100,59900,60400,14859797,-0.4942339373970346,43611,10.46,1.38,5777,2.39,1444,5969782550,2983322381,49.97,5969782550,49.97
2023-01-11,61000,61200,60300,60500,12310751,0.16556291390728478,43611,10.47,1.39,5777,2.39,1444,5969782550,2983523234,49.97,5969782550,49.97
2023-01-12,61100,61200,59900,60500,16102561,0.0,43611,10.47,1.39,5777,2.39,1444,5969782550,2984487393,50.0,5969782550,50.0
2023-01-13,60500,61200,60400,60800,12510328,0.49586776859504134,43611,10.52,1.39,5777,2.38,1444,5969782550,2985958859,50.03,5969782550,50.03
2023-01-16,61300,61600,60800,61100,10039972,0.4934210526315789,43611,10.58,1.4,5777,2.36,1444,5969782550,2987332055,50.03,5969782550,50.03
2023-01-17,61200,61500,60600,61000,9831456,-0.16366612111292964,43611,10.56,1.4,5777,2.37,1444,5969782550,2988383164,50.06,5969782550,50.06
2023-01-18,60700,61000,59900,60400,11584041,-0.9836065573770493,43611,10.46,1.38,5777,2.39,1444,5969782550,2989308003,50.06,5969782550,50.06
2023-01-19,60500,61500,60400,61500,12808490,1.8211920529801324,43611,10.65,1.41,5777,2.35,1444,5969782550,2990511026,50.1,5969782550,50.1
2023-01-20,62100,62300,61100,61800,9646327,0.4878048780487805,43611,10.7,1.42,5777,2.34,1444,5969782550,2993784109,50.16,5969782550,50.16
2023-01-25,63500,63700,63000,63400,16822710,2.5889967637540456,43611,10.97,1.45,5777,2.28,1444,5969782550,2995009859,50.16,5969782550,50.16
2023-01-26,63800,63900,63300,63900,13278277,0.7886435331230284,43611,11.06,1.47,5777,2.26,1444,5969782550,3001579071,50.28,5969782550,50.28
2023-01-27,64400,65000,63900,64600,18760182,1.0954616588419406,43611,11.18,1.48,5777,2.24,1444,5969782550,3005053104,50.34,5969782550,50.34
2023-01-30,64900,64900,63100,63300,20995234,-2.0123839009287927,43611,10.96,1.45,5777,2.28,1444,5969782550,3010762862,50.44,5969782550,50.44
2023-01-31,63500,63700,61000,61000,29746731,-3.6334913112164293,43611,10.56,1.4,5777,2.37,1444,5969782550,3012326910,50.47,5969782550,50.47
2023-02-01,62600,62700,61000,61800,18570133,1.3114754098360655,43611,10.7,1.42,5777,2.34,1444,5969782550,3005520203,50.34,5969782550,50.34
2023-02-02,63200,63900,62600,63500,23285983,2.750809061488673,43611,10.99,1.46,5777,2.27,1444,5969782550,3005826373,50.34,5969782550,50.34
2023-02-03,63900,64000,63000,63800,15194598,0.47244094488188976,43611,11.04,1.46,5777,2.26,1444,5969782550,3011043701,50.44,5969782550,50.44
2023-02-06,62800,63000,61600,61600,15529356,-3.4482758620689653,43611,10.66,1.41,5777,2.34,1444,5969782550,3014053481,50.5,5969782550,50.5
2023-02-07,61900,62500,61600,61900,14491039,0.487012987012987,43611,10.71,1.42,5777,2.33,1444,5969782550,3011898262,50.44,5969782550,50.44
2023-02-08,62800,63300,62400,63100,12243125,1.938610662358643,43611,10.92,1.45,5777,2.29,1444,5969782550,3012802298,50.47,5969782550,50.47
2023-02-09,63000,63300,62300,63000,12164865,-0.15847860538827258,43611,10.91,1.44,5777,2.29,1444,5969782550,3015974361,50.53,5969782550,50.53
2023-02-10,62600,63000,62400,62800,9382576,-0.31746031746031744,43611,10.87,1.44,5777,2.3,1444,5969782550,3017760979,50.56,5969782550,50.56
2023-02-13,62900,63000,62300,62900,10730362,0.15923566878980894,43611,10.89,1.44,5777,2.3,1444,5969782550,3020219612,50.6,5969782550,50.6
2023-02-14,63600,63900,63200,63200,9126664,0.47694753577106513,43611,10.94,1.45,5777,2.28,1444,5969782550,3022797691,50.62,5969782550,50.62
2023-02-15,63900,63900,62000,62200,13208103,-1.5822784810126582,43611,10.77,1.43,5777,2.32,1444,5969782550,3023151882,50.62,5969782550,50.62
2023-02-16,62500,63700,62400,63700,13798831,2.4115755627009645,43611,11.03,1.46,5777,2.27,1444,5969782550,3023518492,50.66,5969782550,50.66
2023-02-17,62900,63300,62400,62600,10791265,-1.726844583987441,43611,10.84,1.44,5777,2.31,1444,5969782550,3025320065,50.7,5969782550,50.7
2023-02-20,62900,63000,61800,62700,12908073,0.1597444089456869,43611,10.85,1.44,5777,2.3,1444,5969782550,3026182851,50.7,5969782550,50.7
2023-02-21,62700,62800,62000,62100,7665046,-0.9569377990430622,43611,10.75,1.42,5777,2.33,1444,5969782550,3025821940,50.7,5969782550,50.7
2023-02-22,61500,61800,61000,61100,11959088,-1.610305958132045,43611,10.58,1.4,5777,2.36,1444,5969782550,3025568688,50.7,5969782550,50.7
2023-02-23,61700,62500,61500,62000,13047099,1.4729950900163666,43611,10.73,1.42,5777,2.33,1444,5969782550,3026291640,50.7,5969782550,50.7
2023-02-24,62300,62600,61300,61300,10308143,-1.129032258064516,43611,10.61,1.41,5777,2.36,1444,5969782550,3026922180,50.7,5969782550,50.7
2023-02-27,60800,60800,60200,60500,11155697,-1.3050570962479608,43611,10.47,1.39,5777,2.39,1444,5969782550,3026673423,50.7,5969782550,50.7
2023-02-28,60800,61400,60500,60600,13715861,0.1652892561983471,43611,10.49,1.39,5777,2.38,1444,5969782550,3026210335,50.7,5969782550,50.7
2023-03-02,60900,61800,60500,60800,13095682,0.33003300330033003,43611,10.52,1.39,5777,2.38,1444,5969782550,3025304438,50.7,5969782550,50.7
2023-03-03,61000,61200,60500,60500,10711405,-0.4934210526315789,43611,10.47,1.39,5777,2.39,1444,5969782550,3028440362,50.72,5969782550,50.72
2023-03-06,61100,61600,60800,61500,13630602,1.6528925619834711,43611,10.65,1.41,5777,2.35,1444,5969782550,3026692932,50.7,5969782550,50.7
2023-03-07,61400,61400,60700,60700,11473280,-1.3008130081300813,43611,10.51,1.39,5777,2.38,1444,5969782550,3028003920,50.72,5969782550,50.72
2023-03-08,60100,60500,59900,60300,14161857,-0.6589785831960462,43611,10.44,1.38,5777,2.39,1444,5969782550,3027159704,50.72,5969782550,50.72
2023-03-09,60500,60800,59900,60100,14334499,-0.33167495854063017,43611,10.4,1.38,5777,2.4,1444,5969782550,3028979700,50.75,5969782550,50.75
2023-03-10,59500,59700,59100,59500,11902471,-0.9983361064891847,43611,10.3,1.36,5777,2.43,1444,5969782550,3025292658,50.7,5969782550,50.7
2023-03-13,59900,60200,59300,60000,12779724,0.8403361344537815,43611,10.39,1.38,5777,2.41,1444,5969782550,3024992666,50.66,5969782550,50.66
2023-03-14,59400,59500,59000,59000,12147346,-1.6666666666666667,43611,10.21,1.35,5777,2.45,1444,5969782550,3026204650,50.7,5969782550,50.7
2023-03-15,60000,60300,59600,59800,10482149,1.3559322033898304,43611,10.35,1.37,5777,2.41,1444,5969782550,3024837845,50.66,5969782550,50.66
2023-03-16,59200,60200,59100,59900,10611939,0.16722408026755853,43611,10.37,1.37,5777,2.41,1444,5969782550,3025958110,50.7,5969782550,50.7
2023-03-17,60800,61300,60600,61300,14090110,2.337228714524207,43611,10.61,1.41,5777,2.36,1444,5969782550,3027317381,50.72,5969782550,50.72
2023-03-20,61100,61200,60200,60200,9618009,-1.794453507340946,43611,10.42,1.38,5777,2.4,1444,5969782550,3029991631,50.75,5969782550,50.75
2023-03-21,60500,60700,60100,60300,8318514,0.16611295681063123,43611,10.44,1.38,5777,2.39,1444,5969782550,3028104808,50.72,5969782550,50.72
2023-03-22,61000,61200,60500,61100,8978591,1.3266998341625207,43611,10.58,1.4,5777,2.36,1444,5969782550,3028614032,50.72,5969782550,50.72
2023-03-23,60600,62300,60600,62300,15381057,1.9639934533551555,43611,10.78,1.43,5777,2.32,1444,5969782550,3030156153,50.75,5969782550,50.75
2023-03-24,62700,63300,62300,63000,18278602,1.1235955056179776,43611,10.91,1.44,5777,2.29,1444,5969782550,3033717796,50.8,5969782550,50.8
2023-03-27,62600,62800,62000,62100,11039331,-1.4285714285714286,43611,10.75,1.42,5777,2.33,1444,5969782550,3040249034,50.94,5969782550,50.94
2023-03-28,62400,62900,62100,62900,11614118,1.288244766505636,43611,10.89,1.44,5777,2.3,1444,5969782550,3040001094,50.9,5969782550,50.9
2023-03-29,62500,62700,62200,62700,11216008,-0.3179650238473768,43611,10.85,1.44,5777,2.3,1444,5969782550,3040243186,50.94,5969782550,50.94
2023-03-30,63700,63700,63100,63200,15684377,0.7974481658692184,43611,10.94,1.45,5777,2.28,1444,5969782550,3036800280,50.88,5969782550,50.88
2023-03-31,64000,64000,63700,64000,14094479,1.2658227848101267,43611,11.08,1.47,5777,2.26,1444,5969782550,3036413170,50.88,5969782550,50.88
2023-04-03,64000,64000,63000,63100,11973133,-1.40625,43611,10.92,1.45,5777,2.29,1444,5969782550,3042410816,50.97,5969782550,50.97
2023-04-04,63400,63800,62800,63600,11120514,0.7923930269413629,43611,11.01,1.46,5777,2.27,1444,5969782550,3045471322,51.0,5969782550,51.0
2023-04-05,63700,64000,63400,63900,9176149,0.4716981132075472,43611,11.06,1.47,5777,2.26,1444,5969782550,3047585024,51.06,5969782550,51.06
2023-04-06,63500,63600,62300,62300,14992747,-2.503912363067293,43611,10.78,1.43,5777,2.32,1444,5969782550,3050116684,51.1,5969782550,51.1
2023-04-07,63800,65200,63800,65000,27476120,4.333868378812198,43611,11.25,1.49,5777,2.22,1444,5969782550,3050492697,51.1,5969782550,51.1
2023-04-10,64800,66300,64700,65700,18777166,1.0769230769230769,43611,11.37,1.51,5777,2.2,1444,5969782550,3064926246,51.34,5969782550,51.34
2023-04-11,66200,66200,65400,65900,16323183,0.30441400304414,43611,11.41,1.51,5777,2.19,1444,5969782550,3068974241,51.4,5969782550,51.4
2023-04-12,65800,66200,65300,66000,15021313,0.15174506828528073,43611,11.42,1.51,5777,2.19,1444,5969782550,3069825120,51.4,5969782550,51.4
2023-04-13,65600,66100,65400,66100,15091022,0.15151515151515152,43611,11.44,1.52,5777,2.18,1444,5969782550,3074013419,51.5,5969782550,51.5
2023-04-14,66600,66600,65000,65100,16176490,-1.5128593040847202,43611,11.27,1.49,5777,2.22,1444,5969782550,3074047000,51.5,5969782550,51.5
2023-04-17,65000,65600,64700,65300,13486618,0.30721966205837176,43611,11.3,1.5,5777,2.21,1444,5969782550,3072411061,51.47,5969782550,51.47
2023-04-18,65900,66000,64800,65600,14802060,0.45941807044410415,43611,11.36,1.5,5777,2.2,1444,5969782550,3075861341,51.53,5969782550,51.53
2023-04-19,65500,65800,65300,65500,10255985,-0.1524390243902439,43611,11.34,1.5,5777,2.2,1444,5969782550,3080154519,51.6,5969782550,51.6
2023-04-20,65100,65300,64600,65300,9501169,-0.3053435114503817,43611,11.3,1.5,5777,2.21,1444,5969782550,3079372323,51.6,5969782550,51.6
2023-04-21,65800,65900,65400,65700,10538622,0.6125574272588056,43611,11.37,1.51,5777,2.2,1444,5969782550,3080713573,51.62,5969782550,51.62
2023-04-24,65300,65700,64800,65200,12986581,-0.76103500761035,43611,11.29,1.5,5777,2.21,1444,5969782550,3083353159,51.66,5969782550,51.66
2023-04-25,65300,65400,63400,63600,16193271,-2.4539877300613497,43611,11.01,1.46,5777,2.27,1444,5969782550,3086117183,51.7,5969782550,51.7
2023-04-26,63600,64300,63300,64100,12664541,0.7861635220125787,43611,11.1,1.47,5777,2.25,1444,5969782550,3085388514,51.7,5969782550,51.7
2023-04-27,64100,65000,63300,64600,14779601,0.7800312012480499,43611,11.18,1.48,5777,2.24,1444,5969782550,3088205952,51.72,5969782550,51.72
2023-04-28,65200,65900,65000,65500,19699481,1.393188854489164,43611,11.34,1.5,5777,2.2,1444,5969782550,3092645815,51.8,5969782550,51.8
2023-05-02,66000,66300,65100,65700,14396948,0.3053435114503817,50817,8.15,1.29,8057,2.2,1444,5969782550,3096749107,51.88,5969782550,51.88
2023-05-03,65100,65600,64900,65400,8876749,-0.45662100456621,50817,8.12,1.29,8057,2.21,1444,5969782550,3097854660,51.88,5969782550,51.88
2023-05-04,65600,65700,64700,65100,9791064,-0.45871559633027525,50817,8.08,1.28,8057,2.22,1444,5969782550,3100361780,51.94,5969782550,51.94
2023-05-08,66300,66300,65400,65900,9405365,1.228878648233487,50817,8.18,1.3,8057,2.19,1444,5969782550,3101371293,51.94,5969782550,51.94
2023-05-09,65800,65800,65100,65300,9366861,-0.9104704097116844,50817,8.1,1.29,8057,2.21,1444,5969782550,3102256191,51.97,5969782550,51.97
2023-05-10,65500,65500,64300,64600,13057727,-1.0719754977029097,50817,8.02,1.27,8057,2.24,1444,5969782550,3101759848,51.97,5969782550,51.97
2023-05-11,64700,65100,64200,64200,11648905,-0.6191950464396285,50817,7.97,1.26,8057,2.25,1444,5969782550,3100932940,51.94,5969782550,51.94
2023-05-12,63700,64600,63600,64100,8693913,-0.1557632398753894,50817,7.96,1.26,8057,2.25,1444,5969782550,3100236345,51.94,5969782550,51.94
2023-05-15,64100,64600,63900,64500,8172021,0.62402496099844,50817,8.01,1.27,8057,2.24,1444,5969782550,3100618474,51.94,5969782550,51.94
2023-05-16,65800,65900,65300,65400,12334657,1.3953488372093024,50817,8.12,1.29,8057,2.21,1444,5969782550,3100906224,51.94,5969782550,51.94
2023-05-17,65900,65900,64800,65000,10745504,-0.6116207951070336,50817,8.07,1.28,8057,2.22,1444,5969782550,3103605816,52.0,5969782550,52.0
2023-05-18,66000,66200,65700,66200,14431704,1.8461538461538463,50817,8.22,1.3,8057,2.18,1444,5969782550,3103603817,52.0,5969782550,52.0
2023-05-19,67800,68400,67500,68400,20349345,3.3232628398791544,50817,8.49,1.35,8057,2.11,1444,5969782550,3109160000,52.1,5969782550,52.1
2023-05-22,68400,69000,68000,68500,14470308,0.14619883040935672,50817,8.5,1.35,8057,2.11,1444,5969782550,3115896617,52.2,5969782550,52.2
2023-05-23,68500,68700,68100,68400,8561643,-0.145985401459854,50817,8.49,1.35,8057,2.11,1444,5969782550,3115646940,52.2,5969782550,52.2
2023-05-24,68100,68700,68000,68500,8192896,0.14619883040935672,50817,8.5,1.35,8057,2.11,1444,5969782550,3114885610,52.2,5969782550,52.2
2023-05-25,69900,70000,68700,68800,14231160,0.43795620437956206,50817,8.54,1.35,8057,2.1,1444,5969782550,3116148965,52.2,5969782550,52.2
2023-05-26,69800,70400,69500,70300,19549511,2.1802325581395348,50817,8.73,1.38,8057,2.05,1444,5969782550,3116542289,52.22,5969782550,52.22
2023-05-30,71300,72300,71200,72300,27476897,2.844950213371266,50817,8.97,1.42,8057,2.0,1444,5969782550,3124516695,52.34,5969782550,52.34
2023-05-31,72400,72500,71000,71400,25666087,-1.2448132780082988,50817,8.86,1.41,8057,2.02,1444,5969782550,3130869289,52.44,5969782550,52.44
2023-06-01,70900,71600,70600,70900,14669296,-0.700280112044818,50817,8.8,1.4,8057,2.04,1444,5969782550,3132707672,52.47,5969782550,52.47
2023-06-02,71700,72200,71600,72200,12161798,1.8335684062059237,50817,8.96,1.42,8057,2.0,1444,5969782550,3133808250,52.5,5969782550,52.5
2023-06-05,72700,72700,71400,71700,12686829,-0.6925207756232686,50817,8.9,1.41,8057,2.01,1444,5969782550,3136730023,52.53,5969782550,52.53
2023-06-07,71300,71600,70800,71000,14796613,-0.9762900976290098,50817,8.81,1.4,8057,2.03,1444,5969782550,3136445332,52.53,5969782550,52.53
2023-06-08,70400,70900,70000,70900,19165568,-0.14084507042253522,50817,8.8,1.4,8057,2.04,1444,5969782550,3135548226,52.53,5969782550,52.53
2023-06-09,71100,72300,70800,72000,15050209,1.5514809590973202,50817,8.94,1.42,8057,2.01,1444,5969782550,3135396459,52.53,5969782550,52.53
2023-06-12,72100,72400,70800,71000,12064287,-1.3888888888888888,50817,8.81,1.4,8057,2.03,1444,5969782550,3138211482,52.56,5969782550,52.56
2023-06-13,71700,72200,71600,72000,13227285,1.4084507042253522,50817,8.94,1.42,8057,2.01,1444,5969782550,3135405516,52.53,5969782550,52.53
2023-06-14,72100,72200,71100,71900,12541046,-0.1388888888888889,50817,8.92,1.41,8057,2.01,1444,5969782550,3136646047,52.53,5969782550,52.53
2023-06-15,72100,72300,71300,71500,13614994,-0.5563282336578581,50817,8.87,1.41,8057,2.02,1444,5969782550,3136959357,52.56,5969782550,52.56
2023-06-16,71800,71900,70900,71800,15373696,0.4195804195804196,50817,8.91,1.41,8057,2.01,1444,5969782550,3136133435,52.53,5969782550,52.53
2023-06-19,71300,71700,70900,71200,11100887,-0.8356545961002786,50817,8.84,1.4,8057,2.03,1444,5969782550,3137906162,52.56,5969782550,52.56
2023-06-20,70700,71400,70400,71400,11557883,0.2808988764044944,50817,8.86,1.41,8057,2.02,1444,5969782550,3138114632,52.56,5969782550,52.56
2023-06-21,70700,71200,70400,70500,10626603,-1.2605042016806722,50817,8.75,1.39,8057,2.05,1444,5969782550,3139273940,52.6,5969782550,52.6
2023-06-22,70200,71500,70100,71300,11411007,1.1347517730496455,50817,8.85,1.4,8057,2.03,1444,5969782550,3138521456,52.56,5969782550,52.56
2023-06-23,72000,72200,71600,71600,12329484,0.42075736325385693,50817,8.89,1.41,8057,2.02,1444,5969782550,3139538222,52.6,5969782550,52.6
2023-06-26,71700,72500,71500,72400,10541901,1.1173184357541899,50817,8.99,1.42,8057,1.99,1444,5969782550,3144334417,52.66,5969782550,52.66
2023-06-27,72500,72600,72000,72600,9442997,0.2762430939226519,50817,9.01,1.43,8057,1.99,1444,5969782550,3147924486,52.72,5969782550,52.72
2023-06-28,72600,72700,72000,72700,8783093,0.13774104683195593,50817,9.02,1.43,8057,1.99,1444,5969782550,3150393963,52.78,5969782550,52.78
2023-06-29,73100,73400,72400,72400,12229967,-0.41265474552957354,50817,8.99,1.42,8057,1.99,1444,5969782550,3149128846,52.75,5969782550,52.75
2023-06-30,72500,72700,71700,72200,11694765,-0.2762430939226519,50817,8.96,1.42,8057,2.0,1444,5969782550,3151307696,52.78,5969782550,52.78
2023-07-03,72700,73200,72600,73000,10722181,1.10803324099723,50817,9.06,1.44,8057,1.98,1444,5969782550,3151237002,52.78,5969782550,52.78
2023-07-04,73400,73600,72900,73000,10214350,0.0,50817,9.06,1.44,8057,1.98,1444,5969782550,3150524014,52.78,5969782550,52.78
2023-07-05,73000,73300,71900,72000,12310610,-1.36986301369863,50817,8.94,1.42,8057,2.01,1444,5969782550,3152485502,52.8,5969782550,52.8
2023-07-06,71900,72400,71500,71600,14777667,-0.5555555555555556,50817,8.89,1.41,8057,2.02,1444,5969782550,3153589805,52.84,5969782550,52.84
2023-07-07,71100,71400,69800,69900,17308877,-2.3743016759776534,50817,8.68,1.38,8057,2.07,1444,5969782550,3154801683,52.84,5969782550,52.84
2023-07-10,70000,70400,69200,69500,11713926,-0.5722460658082975,50817,8.63,1.37,8057,2.08,1444,5969782550,3153813013,52.84,5969782550,52.84
2023-07-11,70200,71500,70100,71500,12177392,2.877697841726619,50817,8.87,1.41,8057,2.02,1444,5969782550,3153681962,52.84,5969782550,52.84
2023-07-12,71200,72000,71100,71900,10375581,0.5594405594405595,50817,8.92,1.41,8057,2.01,1444,5969782550,3155927850,52.88,5969782550,52.88
2023-07-13,72400,72600,71900,71900,14417279,0.0,50817,8.92,1.41,8057,2.01,1444,5969782550,3157846123,52.9,5969782550,52.9
2023-07-14,72500,73400,72400,73400,15882519,2.086230876216968,50817,9.11,1.44,8057,1.97,1444,5969782550,3158405403,52.9,5969782550,52.9
2023-07-17,73200,73500,72800,73300,10060049,-0.13623978201634876,50817,9.1,1.44,8057,1.97,1444,5969782550,3163509952,53.0,5969782550,53.0
2023-07-18,73200,73500,72000,72000,11697900,-1.7735334242837655,50817,8.94,1.42,8057,2.01,1444,5969782550,3164885311,53.03,5969782550,53.03
2023-07-19,72700,72800,71300,71700,10896412,-0.4166666666666667,50817,8.9,1.41,8057,2.01,1444,5969782550,3163380264,53.0,5969782550,53.0
2023-07-20,71100,71500,70800,71000,9732730,-0.9762900976290098,50817,8.81,1.4,8057,2.03,1444,5969782550,3163456948,53.0,5969782550,53.0
2023-07-21,70400,70400,69400,70300,16528926,-0.9859154929577465,50817,8.73,1.38,8057,2.05,1444,5969782550,3164847957,53.0,5969782550,53.0
2023-07-24,70100,70900,69900,70400,13418597,0.1422475106685633,50817,8.74,1.39,8057,2.05,1444,5969782550,3161284337,52.94,5969782550,52.94
2023-07-25,70000,70500,69800,70000,14314945,-0.5681818181818182,50817,8.69,1.38,8057,2.06,1444,5969782550,3164288196,53.0,5969782550,53.0
2023-07-26,69800,70600,68100,69800,30016221,-0.2857142857142857,50817,8.66,1.37,8057,2.07,1444,5969782550,3165243552,53.03,5969782550,53.03
2023-07-27,69900,71700,69300,71700,24261179,2.722063037249284,50817,8.9,1.41,8057,2.01,1444,5969782550,3163909245,53.0,5969782550,53.0
2023-07-28,71800,72400,70100,70600,19420683,-1.5341701534170153,50817,8.76,1.39,8057,2.05,1444,5969782550,3165427951,53.03,5969782550,53.03
2023-07-31,70900,71000,69800,69800,13035420,-1.13314447592068,50817,8.66,1.37,8057,2.07,1444,5969782550,3165226457,53.03,5969782550,53.03
2023-08-01,70100,71200,70000,71100,12299254,1.8624641833810889,50817,8.82,1.4,8057,2.03,1444,5969782550,3164361498,53.0,5969782550,53.0
2023-08-02,70700,71000,69800,69900,13835020,-1.6877637130801686,50817,8.68,1.38,8057,2.07,1444,5969782550,3166037159,53.03,5969782550,53.03
2023-08-03,69900,70200,68500,68800,20087090,-1.5736766809728182,50817,8.54,1.35,8057,2.1,1444,5969782550,3165837444,53.03,5969782550,53.03
2023-08-04,68800,69100,68200,68300,12360193,-0.7267441860465116,50817,8.48,1.34,8057,2.11,1444,5969782550,3165132856,53.03,5969782550,53.03
2023-08-07,67700,69200,67600,68500,10968505,0.29282576866764276,50817,8.5,1.35,8057,2.11,1444,5969782550,3163669032,53.0,5969782550,53.0
2023-08-08,69000,69100,67400,67600,14664709,-1.313868613138686,50817,8.39,1.33,8057,2.14,1444,5969782550,3165245218,53.03,5969782550,53.03
2023-08-09,68000,69600,67900,68900,17259673,1.9230769230769231,50817,8.55,1.36,8057,2.1,1444,5969782550,3166103260,53.03,5969782550,53.03
2023-08-10,68300,68500,67800,68000,10227311,-1.3062409288824384,50817,8.44,1.34,8057,2.12,1444,5969782550,3169557395,53.1,5969782550,53.1
2023-08-11,68400,68800,67500,67500,9781038,-0.7352941176470588,50817,8.38,1.33,8057,2.14,1444,5969782550,3168627960,53.1,5969782550,53.1
2023-08-14,67500,67900,66900,67300,9352343,-0.2962962962962963,50817,8.35,1.32,8057,2.15,1444,5969782550,3166844310,53.06,5969782550,53.06
2023-08-16,66700,67100,66300,67000,13174578,-0.44576523031203563,50817,8.32,1.32,8057,2.16,1444,5969782550,3167324608,53.06,5969782550,53.06
2023-08-17,66300,66800,66000,66700,10778652,-0.44776119402985076,50817,8.28,1.31,8057,2.16,1444,5969782550,3167759282,53.06,5969782550,53.06
2023-08-18,66000,66700,65800,66300,11745006,-0.5997001499250375,50817,8.23,1.3,8057,2.18,1444,5969782550,3167166350,53.06,5969782550,53.06
2023-08-21,66600,67100,66300,66600,9720067,0.4524886877828055,50817,8.27,1.31,8057,2.17,1444,5969782550,3167530091,53.06,5969782550,53.06
2023-08-22,67200,67700,66300,66600,10500242,0.0,50817,8.27,1.31,8057,2.17,1444,5969782550,3167660963,53.06,5969782550,53.06
2023-08-23,66700,67100,66400,67100,9549352,0.7507507507507507,50817,8.33,1.32,8057,2.15,1444,5969782550,3167284911,53.06,5969782550,53.06
2023-08-24,68300,68700,67900,68200,15044463,1.639344262295082,50817,8.46,1.34,8057,2.12,1444,5969782550,3167961170,53.06,5969782550,53.06
2023-08-25,67100,67400,66900,67100,7032462,-1.6129032258064515,50817,8.33,1.32,8057,2.15,1444,5969782550,3168748973,53.1,5969782550,53.1
2023-08-28,66800,67000,66500,66800,5824628,-0.44709388971684055,50817,8.29,1.31,8057,2.16,1444,5969782550,3168891939,53.1,5969782550,53.1
2023-08-29,66900,67200,66600,66800,9114352,0.0,50817,8.29,1.31,8057,2.16,1444,5969782550,3167002725,53.06,5969782550,53.06
2023-08-30,67300,67700,67100,67100,9181223,0.4491017964071856,50817,8.33,1.32,8057,2.15,1444,5969782550,3166313307,53.03,5969782550,53.03
2023-08-31,67100,67200,66400,66900,15964630,-0.29806259314456035,50817,8.3,1.32,8057,2.16,1444,5969782550,3166825101,53.06,5969782550,53.06
2023-09-01,66800,71000,66700,71000,29738235,6.128550074738415,50817,8.81,1.4,8057,2.03,1444,5969782550,3164484602,53.0,5969782550,53.0
2023-09-04,72900,72900,70700,71200,26286495,0.28169014084507044,50817,8.84,1.4,8057,2.03,1444,5969782550,3172443214,53.12,5969782550,53.12
2023-09-05,70900,71500,70200,70700,12330239,-0.7022471910112359,50817,8.77,1.39,8057,2.04,1444,5969782550,3175663093,53.2,5969782550,53.2
2023-09-06,70700,70800,69700,70000,11414620,-0.9900990099009901,50817,8.69,1.38,8057,2.06,1444,5969782550,3177442968,53.22,5969782550,53.22
2023-09-07,70000,70600,69600,70400,13741241,0.5714285714285714,50817,8.74,1.39,8057,2.05,1444,5969782550,3178184714,53.25,5969782550,53.25
2023-09-08,70200,70300,69600,70300,10688118,-0.14204545454545456,50817,8.73,1.38,8057,2.05,1444,5969782550,3179534325,53.25,5969782550,53.25
2023-09-11,70400,70800,70000,70800,11785462,0.7112375533428165,50817,8.79,1.39,8057,2.04,1444,5969782550,3180020188,53.28,5969782550,53.28
2023-09-12,70800,71000,70400,70500,11688599,-0.423728813559322,50817,8.75,1.39,8057,2.05,1444,5969782550,3180729059,53.28,5969782550,53.28
2023-09-13,71100,71600,70300,70900,15955797,0.5673758865248227,50817,8.8,1.4,8057,2.04,1444,5969782550,3181024140,53.28,5969782550,53.28
2023-09-14,71200,71800,70800,71700,21041407,1.1283497884344147,50817,8.9,1.41,8057,2.01,1444,5969782550,3181197147,53.28,5969782550,53.28
2023-09-15,71700,72300,71400,72000,17823512,0.41841004184100417,50817,8.94,1.42,8057,2.01,1444,5969782550,3176502649,53.22,5969782550,53.22
2023-09-18,71300,71700,70200,70200,16040727,-2.5,50817,8.71,1.38,8057,2.06,1444,5969782550,3174734386,53.2,5969782550,53.2
2023-09-19,70400,70800,69600,69800,11820188,-0.5698005698005698,50817,8.66,1.37,8057,2.07,1444,5969782550,3173929093,53.16,5969782550,53.16
2023-09-20,70000,70300,69500,69600,10873015,-0.28653295128939826,50817,8.64,1.37,8057,2.07,1444,5969782550,3174571693,53.2,5969782550,53.2
2023-09-21,69200,69800,68800,68900,10796336,-1.0057471264367817,50817,8.55,1.36,8057,2.1,1444,5969782550,3174187672,53.16,5969782550,53.16
2023-09-22,68300,68900,68300,68800,9897840,-0.14513788098693758,50817,8.54,1.35,8057,2.1,1444,5969782550,3175373256,53.2,5969782550,53.2
2023-09-25,68500,69700,68500,69400,13582516,0.872093023255814,50817,8.61,1.37,8057,2.08,1444,5969782550,3174817159,53.2,5969782550,53.2
2023-09-26,70000,70000,68400,68600,13143470,-1.1527377521613833,50817,8.51,1.35,8057,2.1,1444,5969782550,3174803353,53.2,5969782550,53.2
2023-09-27,68600,69100,68200,68400,14886491,-0.2915451895043732,50817,8.49,1.35,8057,2.11,1444,5969782550,3175445770,53.2,5969782550,53.2
2023-10-04,67400,67700,66700,67500,23361149,-1.3157894736842104,50817,8.38,1.33,8057,2.14,1444,5969782550,3176041156,53.2,5969782550,53.2
2023-10-05,67300,67400,66700,66700,16108313,-1.1851851851851851,50817,8.28,1.31,8057,2.16,1444,5969782550,3174266968,53.16,5969782550,53.16
2023-10-06,67100,67300,66000,66000,14386527,-1.0494752623688157,50817,8.19,1.3,8057,2.19,1444,5969782550,3171902875,53.12,5969782550,53.12
2023-10-10,66200,67600,66200,66400,19889202,0.6060606060606061,50817,8.24,1.31,8057,2.17,1444,5969782550,3167117761,53.06,5969782550,53.06
2023-10-11,68600,69400,67900,68200,25209349,2.710843373493976,50817,8.46,1.34,8057,2.12,1444,5969782550,3163092893,53.0,5969782550,53.0
2023-10-12,68600,69700,68200,68900,19311380,1.0263929618768328,50817,8.55,1.36,8057,2.1,1444,5969782550,3163462870,53.0,5969782550,53.0
2023-10-13,68000,68500,67700,68000,9724086,-1.3062409288824384,50817,8.44,1.34,8057,2.12,1444,5969782550,3163339470,53.0,5969782550,53.0
2023-10-16,67900,68500,66800,67300,12599299,-1.0294117647058822,50817,8.35,1.32,8057,2.15,1444,5969782550,3162554699,52.97,5969782550,52.97
2023-10-17,67700,69900,67400,69400,17299253,3.1203566121842496,50817,8.61,1.37,8057,2.08,1444,5969782550,3161277493,52.94,5969782550,52.94
2023-10-18,68900,70500,68800,70500,16493184,1.585014409221902,50817,8.75,1.39,8057,2.05,1444,5969782550,3164867543,53.0,5969782550,53.0
2023-10-19,69700,70000,69400,69500,13985012,-1.4184397163120568,50817,8.63,1.37,8057,2.08,1444,5969782550,3169324703,53.1,5969782550,53.1
2023-10-20,68900,69200,68100,68800,15204495,-1.0071942446043165,50817,8.54,1.35,8057,2.1,1444,5969782550,3170439966,53.12,5969782550,53.12
2023-10-23,68700,69100,68200,68400,11625959,-0.5813953488372093,50817,8.49,1.35,8057,2.11,1444,5969782550,3170851796,53.12,5969782550,53.12
2023-10-24,68700,68800,67700,68500,12791710,0.14619883040935672,50817,8.5,1.35,8057,2.11,1444,5969782550,3169588756,53.1,5969782550,53.1
2023-10-25,68800,68800,67900,68000,10610703,-0.7299270072992701,50817,8.44,1.34,8057,2.12,1444,5969782550,3169112335,53.1,5969782550,53.1
2023-10-26,67000,67900,66700,66700,15517624,-1.911764705882353,50817,8.28,1.31,8057,2.16,1444,5969782550,3168782735,53.1,5969782550,53.1
2023-10-27,67100,67300,66700,67300,11334726,0.8995502248875562,50817,8.35,1.32,8057,2.15,1444,5969782550,3167890199,53.06,5969782550,53.06
2023-10-30,66800,67800,66700,67300,10139270,0.0,50817,8.35,1.32,8057,2.15,1444,5969782550,3167314330,53.06,5969782550,53.06
2023-10-31,67600,68300,66900,66900,14488892,-0.5943536404160475,50817,8.3,1.32,8057,2.16,1444,5969782550,3168605691,53.1,5969782550,53.1
2023-11-01,67500,68900,67300,68600,13775256,2.5411061285500747,50817,8.51,1.35,8057,2.1,1444,5969782550,3168275048,53.06,5969782550,53.06
2023-11-02,70000,70000,69400,69700,16350031,1.6034985422740524,50817,8.65,1.37,8057,2.07,1444,5969782550,3167729055,53.06,5969782550,53.06
2023-11-03,69700,70200,69500,69600,10322234,-0.1434720229555237,50817,8.64,1.37,8057,2.07,1444,5969782550,3170585305,53.12,5969782550,53.12
2023-11-06,69800,70900,69300,70900,22228489,1.8678160919540232,50817,8.8,1.4,8057,2.04,1444,5969782550,3171453263,53.12,5969782550,53.12
2023-11-07,70600,70900,70000,70900,17228731,0.0,50817,8.8,1.4,8057,2.04,1444,5969782550,3170450735,53.12,5969782550,53.12
2023-11-08,71300,71400,69700,69900,12901310,-1.4104372355430184,50817,8.68,1.38,8057,2.07,1444,5969782550,3173791175,53.16,5969782550,53.16
2023-11-09,69900,70800,69600,70300,12301373,0.5722460658082975,50817,8.73,1.38,8057,2.05,1444,5969782550,3173259510,53.16,5969782550,53.16
2023-11-10,70000,70500,69500,70500,9684347,0.2844950213371266,50817,8.75,1.39,8057,2.05,1444,5969782550,3176252380,53.22,5969782550,53.22
2023-11-13,71300,71300,70300,70400,9246919,-0.14184397163120568,50817,8.74,1.39,8057,2.05,1444,5969782550,3176531146,53.22,5969782550,53.22
2023-11-14,71000,71100,70600,70800,9567984,0.5681818181818182,50817,8.79,1.39,8057,2.04,1444,5969782550,3176964207,53.22,5969782550,53.22
2023-11-15,71600,72200,71500,72200,20148677,1.977401129943503,50817,8.96,1.42,8057,2.0,1444,5969782550,3178196288,53.25,5969782550,53.25
2023-11-16,72500,73000,72300,72800,15860451,0.8310249307479225,50817,9.04,1.43,8057,1.98,1444,5969782550,3183411370,53.34,5969782550,53.34
2023-11-17,72300,73000,72300,72500,11494644,-0.4120879120879121,50817,9.0,1.43,8057,1.99,1444,5969782550,3188833172,53.4,5969782550,53.4
2023-11-20,72100,73000,72100,72700,10610157,0.27586206896551724,50817,9.02,1.43,8057,1.99,1444,5969782550,3191428264,53.47,5969782550,53.47
2023-11-21,73100,73400,72700,72800,9712881,0.1375515818431912,50817,9.04,1.43,8057,1.98,1444,5969782550,3192272398,53.47,5969782550,53.47
2023-11-22,72200,73000,71900,72800,11105143,0.0,50817,9.04,1.43,8057,1.98,1444,5969782550,3193542766,53.5,5969782550,53.5
2023-11-23,73000,73200,72200,72400,6775614,-0.5494505494505495,50817,8.99,1.42,8057,1.99,1444,5969782550,3196356503,53.53,5969782550,53.53
2023-11-24,72400,72600,71700,71700,6676685,-0.9668508287292817,50817,8.9,1.41,8057,2.01,1444,5969782550,3196826286,53.56,5969782550,53.56
2023-11-27,71500,72100,71100,71300,9113857,-0.5578800557880056,50817,8.85,1.4,8057,2.03,1444,5969782550,3197068350,53.56,5969782550,53.56
2023-11-28,71400,72700,71300,72700,13283081,1.9635343618513323,50817,9.02,1.43,8057,1.99,1444,5969782550,3196030392,53.53,5969782550,53.53
2023-11-29,72400,72800,72200,72700,9283933,0.0,50817,9.02,1.43,8057,1.99,1444,5969782550,3196633759,53.56,5969782550,53.56
2023-11-30,72700,72800,72200,72800,15783714,0.1375515818431912,50817,9.04,1.43,8057,1.98,1444,5969782550,3199460880,53.6,5969782550,53.6
2023-12-01,72400,72500,71700,72000,9871284,-1.098901098901099,50817,8.94,1.42,8057,2.01,1444,5969782550,3198780238,53.6,5969782550,53.6
2023-12-04,72800,72900,72400,72600,10229267,0.8333333333333334,50817,9.01,1.43,8057,1.99,1444,5969782550,3198766066,53.6,5969782550,53.6
2023-12-05,72300,72400,71200,71200,12129682,-1.9283746556473829,50817,8.84,1.4,8057,2.03,1444,5969782550,3200393087,53.62,5969782550,53.62
2023-12-06,71800,72100,71600,71700,8123087,0.7022471910112359,50817,8.9,1.41,8057,2.01,1444,5969782550,3199477897,53.6,5969782550,53.6
2023-12-07,71800,71900,71100,71500,8862017,-0.2789400278940028,50817,8.87,1.41,8057,2.02,1444,5969782550,3200188775,53.62,5969782550,53.62
2023-12-08,72100,72800,71900,72600,10859463,1.5384615384615385,50817,9.01,1.43,8057,1.99,1444,5969782550,3202431552,53.62,5969782550,53.62
2023-12-11,72800,73000,72200,73000,9861960,0.5509641873278237,50817,9.06,1.44,8057,1.98,1444,5969782550,3201813276,53.62,5969782550,53.62
2023-12-12,73300,73500,73100,73500,13758646,0.684931506849315,50817,9.12,1.45,8057,1.96,1444,5969782550,3205553159,53.7,5969782550,53.7
2023-12-13,73300,73500,72800,72800,13116766,-0.9523809523809524,50817,9.04,1.43,8057,1.98,1444,5969782550,3205293884,53.7,5969782550,53.7
2023-12-14,74100,74300,72500,73100,27567593,0.4120879120879121,50817,9.07,1.44,8057,1.98,1444,5969782550,3206589733,53.72,5969782550,53.72
2023-12-15,73800,74000,73200,73300,15419815,0.27359781121751026,50817,9.1,1.44,8057,1.97,1444,5969782550,3211917658,53.8,5969782550,53.8
2023-12-18,73300,73400,72800,72900,9690551,-0.5457025920873124,50817,9.05,1.43,8057,1.98,1444,5969782550,3212994240,53.8,5969782550,53.8
2023-12-19,73000,73400,72800,73400,8907632,0.6858710562414266,50817,9.11,1.44,8057,1.97,1444,5969782550,3212936246,53.8,5969782550,53.8
2023-12-20,74200,74900,73800,74800,16870156,1.9073569482288828,50817,9.28,1.47,8057,1.93,1444,5969782550,3213791579,53.84,5969782550,53.84
2023-12-21,74600,75000,74300,75000,13478766,0.267379679144385,50817,9.31,1.48,8057,1.93,1444,5969782550,3215447082,53.88,5969782550,53.88
2023-12-22,75800,76300,75400,75900,14515608,1.2,50817,9.42,1.49,8057,1.9,1444,5969782550,3218007431,53.9,5969782550,53.9
2023-12-26,76100,76700,75700,76600,13164909,0.922266139657444,50817,9.51,1.51,8057,1.89,1444,5969782550,3219187335,53.9,5969782550,53.9
2023-12-27,76700,78000,76500,78000,20651042,1.8276762402088773,50817,9.68,1.53,8057,1.85,1444,5969782550,3218439877,53.9,5969782550,53.9
2023-12-28,77700,78500,77500,78500,17797536,0.641025641025641,50817,9.74,1.54,8057,1.84,1444,5969782550,3223296720,54.0,5969782550,54.0
