날짜,시가,고가,저가,종가,거래량,거래대금,상장시가총액
2019-01-02,0.0,0.0,0.0,258.23,0,0,0
2019-01-03,0.0,0.0,0.0,255.77,0,0,0
2019-01-04,0.0,0.0,0.0,257.89,0,0,0
2019-01-07,0.0,0.0,0.0,261.57,0,0,0
2019-01-08,0.0,0.0,0.0,259.65,0,0,0
2019-01-09,0.0,0.0,0.0,265.6,0,0,0
2019-01-10,0.0,0.0,0.0,265.55,0,0,0
2019-01-11,0.0,0.0,0.0,267.13,0,0,0
2019-01-14,0.0,0.0,0.0,264.99,0,0,0
2019-01-15,0.0,0.0,0.0,269.93,0,0,0
2019-01-16,0.0,0.0,0.0,271.23,0,0,0
2019-01-17,0.0,0.0,0.0,271.88,0,0,0
2019-01-18,0.0,0.0,0.0,273.88,0,0,0
2019-01-21,0.0,0.0,0.0,274.0,0,0,0
2019-01-22,0.0,0.0,0.0,272.71,0,0,0
2019-01-23,0.0,0.0,0.0,273.87,0,0,0
2019-01-24,0.0,0.0,0.0,276.61,0,0,0
2019-01-25,0.0,0.0,0.0,281.67,0,0,0
2019-01-28,0.0,0.0,0.0,281.64,0,0,0
2019-01-29,0.0,0.0,0.0,283.0,0,0,0
2019-01-30,0.0,0.0,0.0,286.62,0,0,0
2019-01-31,0.0,0.0,0.0,285.89,0,0,0
2019-02-01,0.0,0.0,0.0,285.79,0,0,0
2019-02-07,0.0,0.0,0.0,285.65,0,0,0
2019-02-08,0.0,0.0,0.0,281.49,0,0,0
2019-02-11,0.0,0.0,0.0,282.1,0,0,0
2019-02-12,0.0,0.0,0.0,283.69,0,0,0
2019-02-13,0.0,0.0,0.0,284.97,0,0,0
2019-02-14,0.0,0.0,0.0,288.68,0,0,0
2019-02-15,0.0,0.0,0.0,283.98,0,0,0
2019-02-18,0.0,0.0,0.0,285.9,0,0,0
2019-02-19,0.0,0.0,0.0,284.91,0,0,0
2019-02-20,0.0,0.0,0.0,288.4,0,0,0
2019-02-21,0.0,0.0,0.0,288.41,0,0,0
2019-02-22,0.0,0.0,0.0,288.74,0,0,0
2019-02-25,0.0,0.0,0.0,289.0,0,0,0
2019-02-26,0.0,0.0,0.0,287.89,0,0,0
2019-02-27,0.0,0.0,0.0,288.76,0,0,0
2019-02-28,0.0,0.0,0.0,283.8,0,0,0
2019-03-04,0.0,0.0,0.0,282.51,0,0,0
2019-03-05,0.0,0.0,0.0,280.45,0,0,0
2019-03-06,0.0,0.0,0.0,279.85,0,0,0
2019-03-07,0.0,0.0,0.0,278.87,0,0,0
2019-03-08,0.0,0.0,0.0,274.84,0,0,0
2019-03-11,0.0,0.0,0.0,275.06,0,0,0
2019-03-12,0.0,0.0,0.0,277.73,0,0,0
2019-03-13,0.0,0.0,0.0,276.0,0,0,0
2019-03-14,0.0,0.0,0.0,276.64,0,0,0
2019-03-15,0.0,0.0,0.0,279.87,0,0,0
2019-03-18,0.0,0.0,0.0,279.93,0,0,0
2019-03-19,0.0,0.0,0.0,279.82,0,0,0
2019-03-20,0.0,0.0,0.0,279.92,0,0,0
2019-03-21,0.0,0.0,0.0,282.38,0,0,0
2019-03-22,0.0,0.0,0.0,283.13,0,0,0
2019-03-25,0.0,0.0,0.0,277.45,0,0,0
2019-03-26,0.0,0.0,0.0,277.6,0,0,0
2019-03-27,0.0,0.0,0.0,277.28,0,0,0
2019-03-28,0.0,0.0,0.0,275.08,0,0,0
2019-03-29,0.0,0.0,0.0,276.48,0,0,0
2019-04-01,0.0,0.0,0.0,280.32,0,0,0
2019-04-02,0.0,0.0,0.0,281.72,0,0,0
2019-04-03,0.0,0.0,0.0,285.65,0,0,0
2019-04-04,0.0,0.0,0.0,286.15,0,0,0
2019-04-05,0.0,0.0,0.0,286.68,0,0,0
2019-04-08,0.0,0.0,0.0,286.38,0,0,0
2019-04-09,0.0,0.0,0.0,286.71,0,0,0
2019-04-10,0.0,0.0,0.0,287.92,0,0,0
2019-04-11,0.0,0.0,0.0,287.42,0,0,0
2019-04-12,0.0,0.0,0.0,288.37,0,0,0
2019-04-15,0.0,0.0,0.0,289.38,0,0,0
2019-04-16,0.0,0.0,0.0,290.62,0,0,0
2019-04-17,0.0,0.0,0.0,290.33,0,0,0
2019-04-18,0.0,0.0,0.0,285.82,0,0,0
2019-04-19,0.0,0.0,0.0,285.89,0,0,0
2019-04-22,0.0,0.0,0.0,285.87,0,0,0
2019-04-23,0.0,0.0,0.0,286.47,0,0,0
2019-04-24,0.0,0.0,0.0,283.7,0,0,0
2019-04-25,0.0,0.0,0.0,282.83,0,0,0
2019-04-26,0.0,0.0,0.0,281.34,0,0,0
2019-04-29,0.0,0.0,0.0,286.79,0,0,0
2019-04-30,0.0,0.0,0.0,284.92,0,0,0
2019-05-02,0.0,0.0,0.0,286.12,0,0,0
2019-05-03,0.0,0.0,0.0,283.67,0,0,0
2019-05-07,0.0,0.0,0.0,281.31,0,0,0
2019-05-08,0.0,0.0,0.0,280.15,0,0,0
2019-05-09,0.0,0.0,0.0,271.0,0,0,0
2019-05-10,0.0,0.0,0.0,272.06,0,0,0
2019-05-13,0.0,0.0,0.0,268.72,0,0,0
2019-05-14,0.0,0.0,0.0,268.57,0,0,0
2019-05-15,0.0,0.0,0.0,269.64,0,0,0
2019-05-16,0.0,0.0,0.0,265.99,0,0,0
2019-05-17,0.0,0.0,0.0,264.35,0,0,0
2019-05-20,0.0,0.0,0.0,264.96,0,0,0
2019-05-21,0.0,0.0,0.0,266.12,0,0,0
2019-05-22,0.0,0.0,0.0,266.65,0,0,0
2019-05-23,0.0,0.0,0.0,266.38,0,0,0
2019-05-24,0.0,0.0,0.0,264.42,0,0,0
2019-05-27,0.0,0.0,0.0,264.4,0,0,0
2019-05-28,0.0,0.0,0.0,264.7,0,0,0
2019-05-29,0.0,0.0,0.0,261.37,0,0,0
2019-05-30,0.0,0.0,0.0,263.93,0,0,0
2019-05-31,0.0,0.0,0.0,263.89,0,0,0
2019-06-03,0.0,0.0,0.0,268.16,0,0,0
2019-06-04,0.0,0.0,0.0,267.66,0,0,0
2019-06-05,0.0,0.0,0.0,267.99,0,0,0
2019-06-07,0.0,0.0,0.0,268.27,0,0,0
2019-06-10,0.0,0.0,0.0,272.1,0,0,0
2019-06-11,0.0,0.0,0.0,273.21,0,0,0
2019-06-12,0.0,0.0,0.0,272.74,0,0,0
2019-06-13,0.0,0.0,0.0,271.13,0,0,0
2019-06-14,0.0,0.0,0.0,270.48,0,0,0
2019-06-17,0.0,0.0,0.0,270.09,0,0,0
2019-06-18,0.0,0.0,0.0,271.36,0,0,0
2019-06-19,0.0,0.0,0.0,275.31,0,0,0
2019-06-20,0.0,0.0,0.0,276.01,0,0,0
2019-06-21,0.0,0.0,0.0,275.48,0,0,0
2019-06-24,0.0,0.0,0.0,275.58,0,0,0
2019-06-25,0.0,0.0,0.0,275.28,0,0,0
2019-06-26,0.0,0.0,0.0,275.53,0,0,0
2019-06-27,0.0,0.0,0.0,277.75,0,0,0
2019-06-28,0.0,0.0,0.0,277.5,0,0,0
2019-07-01,0.0,0.0,0.0,277.27,0,0,0
2019-07-02,0.0,0.0,0.0,275.97,0,0,0
2019-07-03,0.0,0.0,0.0,272.37,0,0,0
2019-07-04,0.0,0.0,0.0,274.54,0,0,0
2019-07-05,0.0,0.0,0.0,274.35,0,0,0
2019-07-08,0.0,0.0,0.0,268.55,0,0,0
2019-07-09,0.0,0.0,0.0,267.72,0,0,0
2019-07-10,0.0,0.0,0.0,268.75,0,0,0
2019-07-11,0.0,0.0,0.0,271.78,0,0,0
2019-07-12,0.0,0.0,0.0,272.68,0,0,0
2019-07-15,0.0,0.0,0.0,272.64,0,0,0
2019-07-16,0.0,0.0,0.0,274.05,0,0,0
2019-07-17,0.0,0.0,0.0,271.48,0,0,0
2019-07-18,0.0,0.0,0.0,270.67,0,0,0
2019-07-19,0.0,0.0,0.0,274.55,0,0,0
2019-07-22,0.0,0.0,0.0,274.55,0,0,0
2019-07-23,0.0,0.0,0.0,275.92,0,0,0
2019-07-24,0.0,0.0,0.0,273.22,0,0,0
2019-07-25,0.0,0.0,0.0,273.04,0,0,0
2019-07-26,0.0,0.0,0.0,272.25,0,0,0
2019-07-29,0.0,0.0,0.0,267.75,0,0,0
2019-07-30,0.0,0.0,0.0,268.95,0,0,0
2019-07-31,0.0,0.0,0.0,266.34,0,0,0
2019-08-01,0.0,0.0,0.0,265.73,0,0,0
2019-08-02,0.0,0.0,0.0,262.99,0,0,0
2019-08-05,0.0,0.0,0.0,257.19,0,0,0
2019-08-06,0.0,0.0,0.0,253.41,0,0,0
2019-08-07,0.0,0.0,0.0,252.0,0,0,0
2019-08-08,0.0,0.0,0.0,252.4,0,0,0
2019-08-09,0.0,0.0,0.0,254.85,0,0,0
2019-08-12,0.0,0.0,0.0,255.35,0,0,0
2019-08-13,0.0,0.0,0.0,252.83,0,0,0
2019-08-14,0.0,0.0,0.0,254.86,0,0,0
2019-08-16,0.0,0.0,0.0,253.9,0,0,0
2019-08-19,0.0,0.0,0.0,255.11,0,0,0
2019-08-20,0.0,0.0,0.0,258.05,0,0,0
2019-08-21,0.0,0.0,0.0,258.38,0,0,0
2019-08-22,0.0,0.0,0.0,256.28,0,0,0
2019-08-23,0.0,0.0,0.0,256.11,0,0,0
2019-08-26,0.0,0.0,0.0,252.19,0,0,0
2019-08-27,0.0,0.0,0.0,253.5,0,0,0
2019-08-28,0.0,0.0,0.0,255.53,0,0,0
2019-08-29,0.0,0.0,0.0,254.31,0,0,0
2019-08-30,0.0,0.0,0.0,259.0,0,0,0
2019-09-02,0.0,0.0,0.0,259.08,0,0,0
2019-09-03,0.0,0.0,0.0,258.25,0,0,0
2019-09-04,0.0,0.0,0.0,261.69,0,0,0
2019-09-05,0.0,0.0,0.0,264.44,0,0,0
2019-09-06,0.0,0.0,0.0,265.53,0,0,0
2019-09-09,0.0,0.0,0.0,267.4,0,0,0
2019-09-10,0.0,0.0,0.0,268.76,0,0,0
2019-09-11,0.0,0.0,0.0,270.84,0,0,0
2019-09-16,0.0,0.0,0.0,272.02,0,0,0
2019-09-17,0.0,0.0,0.0,271.68,0,0,0
2019-09-18,0.0,0.0,0.0,273.06,0,0,0
2019-09-19,0.0,0.0,0.0,274.92,0,0,0
2019-09-20,0.0,0.0,0.0,276.44,0,0,0
2019-09-23,0.0,0.0,0.0,276.65,0,0,0
2019-09-24,0.0,0.0,0.0,277.97,0,0,0
2019-09-25,0.0,0.0,0.0,274.42,0,0,0
2019-09-26,0.0,0.0,0.0,274.89,0,0,0
2019-09-27,0.0,0.0,0.0,271.33,0,0,0
2019-09-30,0.0,0.0,0.0,273.55,0,0,0
2019-10-01,0.0,0.0,0.0,274.42,0,0,0
2019-10-02,0.0,0.0,0.0,268.55,0,0,0
2019-10-04,0.0,0.0,0.0,267.39,0,0,0
2019-10-07,0.0,0.0,0.0,267.67,0,0,0
2019-10-08,0.0,0.0,0.0,271.36,0,0,0
2019-10-10,0.0,0.0,0.0,268.8,0,0,0
2019-10-11,0.0,0.0,0.0,271.3,0,0,0
2019-10-14,0.0,0.0,0.0,274.23,0,0,0
2019-10-15,0.0,0.0,0.0,274.34,0,0,0
2019-10-16,0.0,0.0,0.0,276.32,0,0,0
2019-10-17,0.0,0.0,0.0,275.57,0,0,0
2019-10-18,0.0,0.0,0.0,272.81,0,0,0
2019-10-21,0.0,0.0,0.0,273.79,0,0,0
2019-10-22,0.0,0.0,0.0,277.41,0,0,0
2019-10-23,0.0,0.0,0.0,276.23,0,0,0
2019-10-24,0.0,0.0,0.0,276.7,0,0,0
2019-10-25,0.0,0.0,0.0,277.07,0,0,0
2019-10-28,0.0,0.0,0.0,277.78,0,0,0
2019-10-29,0.0,0.0,0.0,277.55,0,0,0
2019-10-30,0.0,0.0,0.0,275.51,0,0,0
2019-10-31,0.0,0.0,0.0,275.82,0,0,0
2019-11-01,0.0,0.0,0.0,278.43,0,0,0
2019-11-04,0.0,0.0,0.0,282.54,0,0,0
2019-11-05,0.0,0.0,0.0,284.38,0,0,0
2019-11-06,0.0,0.0,0.0,284.52,0,0,0
2019-11-07,0.0,0.0,0.0,284.37,0,0,0
2019-11-08,0.0,0.0,0.0,283.13,0,0,0
2019-11-11,0.0,0.0,0.0,280.85,0,0,0
2019-11-12,0.0,0.0,0.0,283.65,0,0,0
2019-11-13,0.0,0.0,0.0,281.28,0,0,0
2019-11-14,0.0,0.0,0.0,283.93,0,0,0
2019-11-15,0.0,0.0,0.0,287.29,0,0,0
2019-11-18,0.0,0.0,0.0,287.18,0,0,0
2019-11-19,0.0,0.0,0.0,286.23,0,0,0
2019-11-20,0.0,0.0,0.0,282.21,0,0,0
2019-11-21,0.0,0.0,0.0,278.28,0,0,0
2019-11-22,0.0,0.0,0.0,279.43,0,0,0
2019-11-25,0.0,0.0,0.0,282.19,0,0,0
2019-11-26,0.0,0.0,0.0,281.83,0,0,0
2019-11-27,0.0,0.0,0.0,282.85,0,0,0
2019-11-28,0.0,0.0,0.0,281.23,0,0,0
2019-11-29,0.0,0.0,0.0,276.78,0,0,0
2019-12-02,0.0,0.0,0.0,277.44,0,0,0
2019-12-03,0.0,0.0,0.0,276.19,0,0,0
2019-12-04,0.0,0.0,0.0,274.15,0,0,0
2019-12-05,0.0,0.0,0.0,273.3,0,0,0
2019-12-06,0.0,0.0,0.0,276.56,0,0,0
2019-12-09,0.0,0.0,0.0,278.03,0,0,0
2019-12-10,0.0,0.0,0.0,279.31,0,0,0
2019-12-11,0.0,0.0,0.0,280.28,0,0,0
2019-12-12,0.0,0.0,0.0,285.11,0,0,0
2019-12-13,0.0,0.0,0.0,290.11,0,0,0
2019-12-16,0.0,0.0,0.0,289.76,0,0,0
2019-12-17,0.0,0.0,0.0,294.4,0,0,0
2019-12-18,0.0,0.0,0.0,294.22,0,0,0
2019-12-19,0.0,0.0,0.0,294.31,0,0,0
2019-12-20,0.0,0.0,0.0,295.31,0,0,0
2019-12-23,0.0,0.0,0.0,294.87,0,0,0
2019-12-24,0.0,0.0,0.0,292.9,0,0,0
2019-12-26,0.0,0.0,0.0,294.06,0,0,0
2019-12-27,0.0,0.0,0.0,295.2,0,0,0
2019-12-30,0.0,0.0,0.0,293.77,0,0,0
2020-01-02,0.0,0.0,0.0,290.35,0,0,0
2020-01-03,0.0,0.0,0.0,290.74,0,0,0
2020-01-06,0.0,0.0,0.0,288.43,0,0,0
2020-01-07,0.0,0.0,0.0,291.23,0,0,0
2020-01-08,0.0,0.0,0.0,289.42,0,0,0
2020-01-09,0.0,0.0,0.0,294.41,0,0,0
2020-01-10,0.0,0.0,0.0,297.06,0,0,0
2020-01-13,0.0,0.0,0.0,300.13,0,0,0
2020-01-14,0.0,0.0,0.0,301.53,0,0,0
2020-01-15,0.0,0.0,0.0,299.74,0,0,0
2020-01-16,0.0,0.0,0.0,302.78,0,0,0
2020-01-17,0.0,0.0,0.0,303.3,0,0,0
2020-01-20,0.0,0.0,0.0,305.58,0,0,0
2020-01-21,0.0,0.0,0.0,302.11,0,0,0
2020-01-22,0.0,0.0,0.0,306.08,0,0,0
2020-01-23,0.0,0.0,0.0,302.33,0,0,0
2020-01-28,0.0,0.0,0.0,292.77,0,0,0
2020-01-29,0.0,0.0,0.0,293.98,0,0,0
2020-01-30,0.0,0.0,0.0,288.37,0,0,0
2020-01-31,0.0,0.0,0.0,284.53,0,0,0
2020-02-03,0.0,0.0,0.0,285.05,0,0,0
2020-02-04,0.0,0.0,0.0,290.68,0,0,0
2020-02-05,0.0,0.0,0.0,292.02,0,0,0
2020-02-06,0.0,0.0,0.0,300.65,0,0,0
2020-02-07,0.0,0.0,0.0,298.21,0,0,0
2020-02-10,0.0,0.0,0.0,296.24,0,0,0
2020-02-11,0.0,0.0,0.0,299.28,0,0,0
2020-02-12,0.0,0.0,0.0,301.54,0,0,0
2020-02-13,0.0,0.0,0.0,300.93,0,0,0
2020-02-14,0.0,0.0,0.0,303.01,0,0,0
2020-02-17,0.0,0.0,0.0,302.76,0,0,0
2020-02-18,0.0,0.0,0.0,297.74,0,0,0
2020-02-19,0.0,0.0,0.0,298.33,0,0,0
2020-02-20,0.0,0.0,0.0,296.65,0,0,0
2020-02-21,0.0,0.0,0.0,292.42,0,0,0
2020-02-24,0.0,0.0,0.0,281.02,0,0,0
2020-02-25,0.0,0.0,0.0,284.24,0,0,0
2020-02-26,0.0,0.0,0.0,279.94,0,0,0
2020-02-27,0.0,0.0,0.0,277.09,0,0,0
2020-02-28,0.0,0.0,0.0,268.02,0,0,0
2020-03-02,0.0,0.0,0.0,270.37,0,0,0
2020-03-03,0.0,0.0,0.0,271.56,0,0,0
2020-03-04,0.0,0.0,0.0,278.13,0,0,0
2020-03-05,0.0,0.0,0.0,281.38,0,0,0
2020-03-06,0.0,0.0,0.0,275.1,0,0,0
2020-03-09,0.0,0.0,0.0,263.11,0,0,0
2020-03-10,0.0,0.0,0.0,264.67,0,0,0
2020-03-11,0.0,0.0,0.0,257.01,0,0,0
2020-03-12,0.0,0.0,0.0,247.62,0,0,0
2020-03-13,0.0,0.0,0.0,240.65,0,0,0
2020-03-16,0.0,0.0,0.0,232.97,0,0,0
2020-03-17,0.0,0.0,0.0,226.89,0,0,0
2020-03-18,0.0,0.0,0.0,215.83,0,0,0
2020-03-19,0.0,0.0,0.0,199.28,0,0,0
2020-03-20,0.0,0.0,0.0,213.67,0,0,0
2020-03-23,0.0,0.0,0.0,201.87,0,0,0
2020-03-24,0.0,0.0,0.0,220.34,0,0,0
2020-03-25,0.0,0.0,0.0,232.89,0,0,0
2020-03-26,0.0,0.0,0.0,229.34,0,0,0
2020-03-27,0.0,0.0,0.0,233.79,0,0,0
2020-03-30,0.0,0.0,0.0,232.45,0,0,0
2020-03-31,0.0,0.0,0.0,236.82,0,0,0
2020-04-01,0.0,0.0,0.0,226.35,0,0,0
2020-04-02,0.0,0.0,0.0,231.84,0,0,0
2020-04-03,0.0,0.0,0.0,231.7,0,0,0
2020-04-06,0.0,0.0,0.0,240.81,0,0,0
2020-04-07,0.0,0.0,0.0,244.87,0,0,0
2020-04-08,0.0,0.0,0.0,241.89,0,0,0
2020-04-09,0.0,0.0,0.0,245.61,0,0,0
2020-04-10,0.0,0.0,0.0,248.0,0,0,0
2020-04-13,0.0,0.0,0.0,243.4,0,0,0
2020-04-14,0.0,0.0,0.0,247.45,0,0,0
2020-04-16,0.0,0.0,0.0,247.1,0,0,0
2020-04-17,0.0,0.0,0.0,255.02,0,0,0
2020-04-20,0.0,0.0,0.0,252.14,0,0,0
2020-04-21,0.0,0.0,0.0,249.4,0,0,0
2020-04-22,0.0,0.0,0.0,251.88,0,0,0
2020-04-23,0.0,0.0,0.0,253.74,0,0,0
2020-04-24,0.0,0.0,0.0,250.28,0,0,0
2020-04-27,0.0,0.0,0.0,254.84,0,0,0
2020-04-28,0.0,0.0,0.0,256.39,0,0,0
2020-04-29,0.0,0.0,0.0,258.15,0,0,0
2020-05-04,0.0,0.0,0.0,250.6,0,0,0
2020-05-06,0.0,0.0,0.0,255.0,0,0,0
2020-05-07,0.0,0.0,0.0,254.46,0,0,0
2020-05-08,0.0,0.0,0.0,256.62,0,0,0
2020-05-11,0.0,0.0,0.0,254.95,0,0,0
2020-05-12,0.0,0.0,0.0,253.37,0,0,0
2020-05-13,0.0,0.0,0.0,255.85,0,0,0
2020-05-14,0.0,0.0,0.0,253.65,0,0,0
2020-05-15,0.0,0.0,0.0,253.79,0,0,0
2020-05-18,254.55,256.32,252.95,255.44,223000267,6205657035980,1115021094440040
2020-05-19,261.12,262.35,259.96,261.79,253334696,8143511605175,1141999162333835
2020-05-20,260.48,263.25,260.48,262.72,140295963,5326139182520,1146097892672055
2020-05-21,264.52,264.85,263.07,263.74,159483881,6153598950740,1150709536742800
2020-05-22,263.82,264.07,258.34,259.62,166029118,5908150660408,1133519960471305
2020-05-25,260.95,262.82,259.15,262.76,125429277,5281622020740,1148085314525565
2020-05-26,263.48,267.31,262.97,267.31,175423381,7667870230460,1168548946307055
2020-05-27,266.71,269.16,265.86,267.64,247180866,8068227452825,1169038842434230
2020-05-28,270.17,271.45,264.85,268.29,248929752,9716575144426,1168845093511245
2020-05-29,266.62,269.62,265.24,268.32,269468221,9425014256171,1169624330279295
2020-06-01,269.29,273.39,268.92,273.19,171513948,6620163965665,1190361301734765
2020-06-02,272.65,276.47,272.22,276.08,251026881,6918100295872,1203237911059695
2020-06-03,279.14,287.47,279.0,285.91,476504189,13360669496479,1242313653074375
2020-06-04,291.17,292.9,284.93,286.45,364576047,11579206919072,1244982268475600
2020-06-05,286.3,291.49,284.5,290.62,282059702,9426130594528,1263170869753945
2020-06-08,295.41,295.72,289.71,290.77,286659452,9807419646254,1264226360252860
2020-06-09,293.96,294.87,287.83,291.32,268569670,10153868978163,1266002328482560
2020-06-10,291.03,292.92,289.6,291.9,229067190,8568457805540,1269832757431620
2020-06-11,289.98,292.08,284.29,288.62,275904210,11835398554398,1257908341248075
2020-06-12,276.95,282.64,276.11,281.9,232833918,10950830279676,1249164147522295
2020-06-15,278.77,281.01,268.04,268.04,262444722,12965653357947,1190142487629145
2020-06-16,276.01,282.78,274.17,282.78,247894052,9831669310268,1254372907357805
2020-06-17,282.25,285.02,278.46,283.2,337224701,11514654556098,1256153388818575
2020-06-18,281.89,283.58,280.18,282.04,181587469,7225990784127,1250366207273730
2020-06-19,284.72,284.82,278.66,283.44,189129302,7524815125931,1254996315055330
2020-06-22,281.13,283.86,280.45,281.59,139843632,6537834172971,1245878018182740
2020-06-23,284.79,286.27,279.51,282.22,163675177,8855402677586,1248606977068995
2020-06-24,284.01,288.41,283.58,286.88,200574713,9090255155521,1267919132360580
2020-06-25,282.54,284.42,279.86,279.86,152979493,6902138577560,1237688653615030
2020-06-26,283.45,284.57,280.74,283.38,169014592,6464987386953,1252507153246350
2020-06-29,279.37,281.74,277.06,278.02,137759465,6344588901772,1228171385901055
2020-06-30,282.47,283.94,280.07,280.07,179501432,8123314196151,1236936096314955
2020-07-01,283.06,283.86,279.44,280.28,133801572,6533216781721,1236785142475835
2020-07-02,281.41,283.98,280.82,283.95,111369839,6674485713589,1252840214699700
2020-07-03,285.7,286.13,283.47,285.92,100221164,5501339178514,1260023627329055
2020-07-06,286.88,291.1,286.3,290.57,128117998,6653211452931,1278157125778195
2020-07-07,292.61,292.88,286.84,286.86,156134276,8077163540674,1262644615436355
2020-07-08,287.27,288.48,285.31,286.11,119448145,6549540426831,1258803037656025
2020-07-09,287.93,289.55,287.24,287.47,140609080,7979409781310,1264558009833795
2020-07-10,288.05,288.28,283.69,285.22,136769987,7236831906846,1253436200135435
2020-07-13,288.06,290.65,286.98,290.04,127051804,6146078384763,1274549478499680
2020-07-14,288.55,289.76,287.03,289.76,126301604,6687496172749,1274006880111815
2020-07-15,293.07,294.51,290.92,292.32,168346112,8004487949111,1285601568030370
2020-07-16,292.38,292.81,288.54,289.36,129448885,6530538092371,1273150448700350
2020-07-17,289.97,292.15,289.97,291.65,118643546,6363758702734,1282763642384775
2020-07-20,292.83,292.83,289.06,290.9,161819377,8011400978480,1279645827199285
2020-07-21,294.07,296.17,293.28,295.2,366994904,11478894516644,1298266646366190
2020-07-22,294.73,296.2,293.48,294.15,327318310,10214872505581,1296867511888705
2020-07-23,293.75,293.75,290.64,292.53,250981599,11127156014571,1288645707344215
2020-07-24,289.97,292.87,289.51,290.74,216209943,9899343055333,1279700634132725
2020-07-27,291.07,295.25,290.87,293.44,193245714,8016462420257,1291646466695770
2020-07-28,296.39,300.95,296.25,299.76,301281030,10724796861641,1317511659334500
2020-07-29,300.06,302.97,299.22,300.84,264445341,9308691719913,1322314181700580
2020-07-30,302.66,303.63,301.06,301.47,191758758,8187025482402,1324450535395550
2020-07-31,303.26,303.73,298.63,299.04,201965903,8456630905676,1314364008256975
2020-08-03,299.32,300.12,297.34,299.38,179728174,9281198070955,1315525932861150
2020-08-04,302.44,304.14,301.41,302.99,219866019,9689069353725,1331970336110660
2020-08-05,303.91,306.81,302.95,306.77,210808209,12324476490288,1351701802520985
2020-08-06,307.99,312.94,307.99,311.42,254205660,12465040710544,1370926020549220
2020-08-07,312.15,314.25,310.2,312.8,299118668,12726819518689,1377754871820420
2020-08-10,312.97,318.1,312.26,317.09,261178496,13609052636814,1396982788618200
2020-08-11,317.97,322.88,317.89,321.41,297602489,14272135551299,1417727358270025
2020-08-12,320.66,322.98,317.62,322.98,293136059,12806343586796,1427244050724160
2020-08-13,326.17,326.54,320.03,323.7,285739840,13665611144367,1430995397749595
2020-08-14,322.03,323.07,316.6,319.6,260399011,11874028433776,1413434981005110
2020-08-18,319.79,321.9,311.3,312.92,247516738,12672817000271,1381445435763935
2020-08-19,316.02,316.91,313.26,313.75,159932584,8587348509169,1387104757452930
2020-08-20,310.66,313.04,301.39,301.82,249735163,11791990076498,1334736778743770
2020-08-21,306.38,310.15,303.36,306.46,166304361,8901226972585,1354373287234960
2020-08-24,307.21,310.58,303.69,309.7,142209956,7236120208215,1368411268387215
2020-08-25,312.83,314.57,310.98,314.04,197815447,8301527086912,1388219951409565
2020-08-26,314.07,315.58,310.18,314.66,193544814,8906934090813,1389301812181510
2020-08-27,315.0,315.74,311.9,311.9,175568010,9275817889250,1375528342375455
2020-08-28,314.38,316.5,311.62,312.83,256410968,9571559626114,1380580187684490
2020-08-31,316.03,316.7,307.78,307.8,312176254,13400343737173,1360103387208680
2020-09-01,309.75,311.83,308.27,310.52,342809386,10155545538255,1372544040076525
2020-09-02,312.4,313.58,309.21,312.24,337044995,9332304788608,1379036788429595
2020-09-03,315.33,317.99,315.02,316.98,342178864,11598303315394,1398120029489080
2020-09-04,308.68,313.16,308.53,312.58,408030009,12778957016075,1379272820628570
2020-09-07,312.54,314.79,311.41,314.11,264670492,10016266959895,1386502793018090
2020-09-08,316.66,317.61,314.89,317.55,227269331,10769880838045,1400220416799485
2020-09-09,313.71,315.94,313.06,313.88,198501954,10674553854169,1384425414507145
2020-09-10,317.94,318.36,315.5,316.59,234267932,9908495691787,1395966913927455
2020-09-11,315.69,316.85,313.32,316.54,165157142,7088266997061,1409480270708480
2020-09-14,319.77,321.21,318.52,320.98,176783413,7713185173130,1428651925180700
2020-09-15,321.78,323.55,320.5,323.33,152449880,7595470234393,1438152770755280
2020-09-16,323.08,324.17,321.48,322.25,146879341,7418881751095,1433766906463870
2020-09-17,321.27,322.24,316.96,318.06,178303910,10390106000099,1415816011714375
2020-09-18,319.23,319.85,316.7,318.5,153535835,8448223497205,1417806686568180
2020-09-21,318.24,320.92,314.8,315.93,165855145,8253843598349,1405511015963600
2020-09-22,315.59,316.0,307.41,308.8,304358706,9911269449268,1372106087019590
2020-09-23,311.5,311.75,303.23,309.58,208052415,8990420535464,1372780643495390
2020-09-24,304.81,306.85,301.77,302.32,181246366,8380404784603,1339007243387505
2020-09-25,305.27,305.42,301.75,303.44,156860045,6278134678207,1343562619828545
2020-09-28,306.38,308.2,304.53,306.95,173178210,5702612987004,1360111243298585
2020-09-29,310.01,311.29,308.48,309.45,138815117,6077609003223,1371825400320655
2020-10-05,309.71,314.67,309.15,313.55,157986196,7120643481652,1389194561926965
2020-10-06,315.15,316.45,313.07,314.48,139894860,6411878183504,1393780357258315
2020-10-07,312.35,317.41,311.83,317.31,124429688,5273799827206,1406655023684895
2020-10-08,320.25,320.31,316.61,317.47,168692587,8471910138311,1408458232756110
2020-10-12,318.98,319.98,317.65,319.09,140937321,6923381907738,1415555215715070
2020-10-13,320.95,321.34,316.83,319.44,126741368,6568609540494,1416149972026240
2020-10-14,319.44,319.72,315.5,316.33,129341624,6719033619424,1402264590423070
2020-10-15,315.55,315.73,312.24,313.75,124410109,6366830510346,1390985779024215
2020-10-16,314.27,315.29,309.54,311.69,126440573,6249577959140,1382051659385290
2020-10-19,313.27,314.81,312.05,312.39,138223066,6282963020139,1385247060536330
2020-10-20,310.73,314.62,309.59,314.41,135684240,8158322100230,1394580255787595
2020-10-21,314.99,316.29,313.85,315.5,136809551,6163364636856,1400745430087425
2020-10-22,313.4,314.13,311.34,313.58,140732139,6207722373178,1391326738645370
2020-10-23,314.8,315.66,312.15,314.62,198024466,6317024911289,1394700062626495
2020-10-26,315.43,316.55,313.07,313.28,170879657,8144190442600,1388209620667635
2020-10-27,311.25,313.76,310.37,311.6,162315182,8142699508388,1380792995385345
2020-10-28,310.51,313.27,309.32,313.15,120214058,5554840759028,1387240935855600
2020-10-29,308.94,310.59,306.63,309.98,139037843,7017689911945,1375395985345245
2020-10-30,308.95,309.11,301.6,301.62,178914965,8542347776825,1339501422517350
2020-11-02,302.78,306.44,301.49,305.98,111034539,5394312960699,1358980294958250
2020-11-03,308.15,312.33,308.03,312.05,129003581,7147767979843,1385174160592335
2020-11-04,314.35,315.74,311.48,313.93,212323092,10727047794990,1394666539553110
2020-11-05,315.83,321.54,315.36,321.54,186088118,9471766601832,1429078099882865
2020-11-06,322.76,324.36,320.7,322.19,143961595,8586860682841,1431027828630320
2020-11-09,325.33,328.16,324.66,326.03,276824779,9841507816437,1447780760488580
2020-11-10,326.5,327.21,324.02,326.33,331188190,12290587959147,1450170461847890
2020-11-11,327.19,331.63,327.17,331.29,323227432,12515764415218,1472010868347655
2020-11-12,330.77,331.78,328.65,329.9,342298921,10251033085113,1465596882854425
2020-11-13,329.21,333.12,328.28,332.94,291359489,10272474856073,1476983488073630
2020-11-16,335.02,340.73,335.01,340.24,465748628,13932938953305,1506968911451090
2020-11-17,340.42,342.16,338.72,339.54,403201758,12286302530560,1505152803565760
2020-11-18,340.75,341.53,338.46,339.81,231636772,9469839834165,1508836082277275
2020-11-19,338.47,340.29,337.43,340.06,215097390,7837609798887,1509938510448995
2020-11-20,339.4,341.54,338.56,340.51,179112200,7109238794598,1512325702996325
2020-11-23,341.39,348.57,340.5,348.12,380836876,9707925162417,1543868427957305
2020-11-24,349.97,352.01,348.35,349.97,295437109,11301918073726,1552569851230985
2020-11-25,352.8,353.67,345.93,348.12,333143423,16287810142559,1543894329155650
2020-11-26,348.5,351.81,346.61,351.81,182185194,8889575576640,1558459205435300
2020-11-27,351.53,352.87,350.32,352.41,178419287,8012487283760,1562094940240830
2020-11-30,354.38,354.46,345.77,345.77,339062739,15374366774592,1533851414548470
2020-12-01,349.1,352.98,348.83,352.14,260004281,9835984594770,1560284802909350
2020-12-02,354.03,358.76,353.69,358.31,220902127,10335625145966,1585057467151280
2020-12-03,359.94,361.37,358.09,361.37,206857670,10512512938369,1598407528977625
2020-12-04,362.96,369.23,362.85,367.22,281110476,13986331358008,1622342998065100
2020-12-07,368.31,370.96,364.74,369.29,221800886,12499140635728,1632114873898535
2020-12-08,369.15,369.54,362.85,362.87,192366586,11695796708248,1603465867173805
2020-12-09,363.2,370.95,363.2,370.77,191952964,10915023264620,1636862989792515
2020-12-10,370.02,372.04,365.13,368.77,344585810,15318298080019,1629800502591835
2020-12-11,369.86,373.71,369.86,371.64,331020208,14477293316715,1670413956984915
2020-12-14,371.53,374.09,369.91,370.96,284473334,12239048973033,1665692228261565
2020-12-15,371.14,372.02,367.09,370.27,243331684,10755575092429,1661926021597500
2020-12-16,371.26,373.75,370.44,371.92,188952289,8941284879190,1670662807452955
2020-12-17,371.53,371.96,367.48,371.41,244579559,11574244722917,1669449884105430
2020-12-18,371.43,372.79,369.92,370.96,307533676,13610228450765,1669171928654065
2020-12-21,370.92,371.84,367.47,371.59,252572563,12596264404061,1672408687316960
2020-12-22,370.5,371.3,365.84,365.84,291110171,12339656502207,1646357318430670
2020-12-23,366.43,371.32,364.12,370.71,296021598,14355360989450,1665117673533095
2020-12-24,371.06,379.61,371.06,378.5,314368585,14405605822470,1697501365510295
2020-12-28,380.83,383.14,377.74,379.24,304328626,18207122791866,1699961888272515
2020-12-29,379.66,381.61,376.46,380.59,234719223,14627035274185,1705453055744315
2020-12-30,380.54,389.27,378.48,388.57,236858021,12816206027510,1738774271201265
2021-01-04,388.79,400.04,388.24,399.15,361886757,20828370493095,1784090577127965
2021-01-05,399.06,405.29,395.77,405.29,470868837,20755374346434,1812771676767455
2021-01-06,405.59,410.48,400.39,401.37,429077337,22700275121526,1796879691590095
2021-01-07,403.28,413.92,403.28,410.11,460331917,20865124437686,1836630326396780
2021-01-08,411.35,431.17,411.35,429.44,499112018,34756755069426,1916277931751530
2021-01-11,430.92,448.14,423.37,430.31,545782057,37379963637404,1916523199554880
2021-01-12,429.98,431.22,415.51,427.05,362364717,24623958345963,1901278805074785
2021-01-13,427.16,432.45,424.17,429.59,303667329,19059128104342,1914300756388190
2021-01-14,429.64,430.74,426.34,429.05,284702447,18495731422750,1914187534594205
2021-01-15,429.57,435.34,419.56,419.65,279520880,17436391345142,1873887676290135
2021-01-18,418.92,418.92,407.97,409.75,289243338,17355190753399,1829257129745665
2021-01-19,409.48,423.01,408.96,420.59,259933858,17238118030260,1877750837103850
2021-01-20,424.38,428.62,418.51,423.25,259501502,18866564217586,1890817927321200
2021-01-21,424.53,430.13,423.9,429.51,302482033,19221375820233,1919753455988560
2021-01-22,429.97,433.04,426.39,426.39,269257473,19087641760593,1906677284829355
2021-01-25,426.88,437.15,426.44,436.53,231210711,15579793120515,1946841161207015
2021-01-26,435.5,436.33,424.91,425.99,236600961,17683990602283,1905216412733550
2021-01-27,426.37,431.89,422.51,422.94,205609157,15862484812790,1894408305573945
2021-01-28,422.2,422.2,412.66,415.69,242941275,17045041427519,1862131125654130
2021-01-29,417.21,420.28,402.3,403.87,305296720,19988783240743,1806590480900670
2021-02-01,404.02,414.84,399.91,414.76,235012200,16507131552374,1856010014040640
2021-02-02,416.09,426.86,416.09,420.32,219043953,14870544709619,1880734477796075
2021-02-03,421.99,426.79,419.08,424.51,248282011,17682008997158,1902626558876370
2021-02-04,425.22,425.49,414.98,417.64,263572408,15763960679697,1874714427508660
2021-02-05,419.31,423.51,417.17,422.62,221559610,14279825740198,1895801374501160
2021-02-08,421.61,423.9,417.72,418.27,229540785,14799180082229,1874954583867940
2021-02-09,420.02,424.21,417.2,417.23,201526571,13028304381459,1870819516248100
2021-02-10,417.72,420.84,414.09,419.01,184756562,13044073819272,1880248203894995
2021-02-15,420.2,427.95,420.2,426.33,191241854,12793708161329,1909248674492245
2021-02-16,427.09,431.48,426.05,428.55,176073456,11414531836243,1918881359137970
2021-02-17,428.5,428.54,421.09,423.53,230412028,11314338833916,1898443992544650
2021-02-18,423.24,424.7,416.77,416.77,181374243,11247156002441,1868915711805630
2021-02-19,417.31,420.69,410.94,420.28,246865672,12696494558587,1883818184680470
2021-02-22,421.2,425.2,416.13,416.21,272967210,13439639081202,1866296351363660
2021-02-23,414.41,418.9,410.21,415.16,228354649,12888970693523,1861183816874535
2021-02-24,415.18,419.36,406.16,406.47,252631827,16032722062527,1816634460234495
2021-02-25,411.24,421.82,411.24,421.8,200314619,12834481961619,1882511815672250
2021-02-26,420.46,420.46,405.9,409.22,297499163,17563746287620,1827208160521655
2021-03-02,410.31,421.7,410.31,414.1,229886741,14775745105483,1847454776250725
2021-03-03,413.75,419.57,411.7,419.57,198308092,10721120291171,1871541767261925
2021-03-04,418.72,418.72,410.66,413.49,214045345,12508718659634,1845424379344685
2021-03-05,412.64,413.09,405.25,411.32,293665559,12688486638005,1835900255036020
2021-03-08,412.18,415.62,406.91,407.65,216887933,10571238947083,1817595162469640
2021-03-09,406.59,408.16,398.7,405.1,313260974,14237792759195,1805614744177285
2021-03-10,405.69,410.46,401.72,402.8,172526940,10480470493971,1794975276770610
2021-03-11,403.69,412.55,403.69,410.34,231925366,12046610288373,1829208372455740
2021-03-12,412.98,417.03,412.98,415.45,184655332,9215290624970,1854014902884295
2021-03-15,415.9,417.01,412.94,413.51,161313087,8170210674558,1846074604378205
2021-03-16,414.14,417.38,413.36,416.63,155155466,9139881683633,1858498973820840
2021-03-17,416.67,416.91,410.71,413.34,132771769,9538639208554,1844578617024295
2021-03-18,414.29,420.17,414.29,416.38,164055494,10708189306908,1857822276546080
2021-03-19,416.01,416.01,409.91,412.24,189021500,10251877511012,1839883929764760
2021-03-22,412.25,413.78,409.59,411.96,270009012,9570715651972,1838792137116495
2021-03-23,412.22,415.44,407.7,408.03,234499879,10738945551543,1820471221799880
2021-03-24,406.66,408.08,403.36,406.43,193067522,8894279040264,1818758747545640
2021-03-25,406.33,410.58,404.92,407.86,180928891,9180878491847,1826087824873645
2021-03-26,408.5,412.38,408.5,412.23,305214884,12060921517015,1846509125519920
2021-03-29,413.24,414.05,409.79,411.38,312523549,11928905447382,1843875174275160
2021-03-30,411.64,416.75,411.64,415.94,207510587,9833342522167,1865182017691990
2021-03-31,416.46,419.5,414.38,414.38,225861316,9775054523521,1858842104078030
2021-04-01,416.31,419.08,415.84,418.74,184612687,10140387636926,1876110025814665
2021-04-02,421.49,424.42,421.32,423.04,163071252,9780193988043,1893385388356940
2021-04-05,424.42,425.58,421.48,424.14,157714378,8561528238765,1897486429214165
2021-04-06,424.46,426.94,422.64,425.15,162958103,9699835016042,1901236685215015
2021-04-07,425.49,427.62,424.24,425.98,176730569,8793807196161,1906603053723885
2021-04-08,426.01,426.61,423.65,426.16,221926601,10544195297969,1908524209637820
2021-04-09,426.57,427.93,422.66,423.62,166987150,9038741968508,1899531412700200
2021-04-12,424.05,425.95,422.44,423.55,134969240,8535654789732,1901268631377210
2021-04-13,423.73,429.16,423.24,428.41,162002427,10015407342837,1922953180378020
2021-04-14,428.49,430.97,427.37,430.04,154421184,9494312247681,1931886414295395
2021-04-15,429.74,433.67,429.74,431.99,189530637,12617684653001,1941021498524720
2021-04-16,431.75,433.71,430.31,431.77,188081986,10899172116900,1941933403740675
2021-04-19,432.08,433.61,430.52,431.31,172933066,10175955146228,1940737925906435
2021-04-20,431.24,434.01,430.77,433.94,185746264,9183044834931,1953313914620670
2021-04-21,432.91,432.91,425.28,426.09,187757229,11486754090431,1919857355773115
2021-04-22,426.41,429.78,426.41,426.73,202883079,9565100385252,1923308696511115
2021-04-23,426.03,428.19,422.28,427.69,215677962,9954868063964,1927947247702690
2021-04-26,428.26,431.7,428.06,431.7,244075329,10646666039452,1947000351049545
2021-04-27,431.78,432.7,429.73,431.5,216227864,11490681064439,1945093223990670
2021-04-28,431.55,432.01,426.26,426.85,261384364,12592096200419,1924517663914010
2021-04-29,427.44,429.49,424.35,425.65,231945551,12923594825605,1920399183508640
2021-04-30,425.98,426.17,421.12,421.72,255787063,12496987433699,1902858953250610
2021-05-03,421.9,425.63,418.65,419.71,234399626,11551573029476,1889976776601175
2021-05-04,420.34,422.91,417.87,422.91,208973402,10377131092949,1902922466587235
2021-05-06,422.96,425.99,420.61,425.99,313800584,11980497156923,1920537334698230
2021-05-07,425.88,429.3,425.36,427.93,229119524,10158256059905,1930799448352230
2021-05-10,428.41,436.11,428.41,434.99,255442935,12467624336130,1963052885857630
2021-05-11,433.5,433.5,426.6,428.15,301803534,14615316791494,1935987923597640
2021-05-12,428.13,428.35,418.49,421.26,295194358,16088262983693,1907436995426250
2021-05-13,418.81,420.48,413.76,415.48,379123151,16458491987194,1880749766734500
2021-05-14,416.9,421.13,416.9,419.56,199291351,10582347633620,1901015496498770
2021-05-17,421.34,422.57,415.48,417.66,206999058,9866527496279,1889863422175420
2021-05-18,417.67,423.33,417.67,422.49,174859628,9051966227148,1913355054996710
2021-05-20,422.78,422.78,418.5,421.08,181884049,9723746177576,1906553739132300
2021-05-21,422.53,427.13,420.09,421.47,196316668,10992306442784,1902388111430175
2021-05-24,421.31,422.47,418.78,419.96,177689265,8625368702244,1896088964899135
2021-05-25,421.3,424.21,420.64,423.75,176015777,8660744148100,1912731372513370
2021-05-26,423.86,425.43,421.95,422.94,199313860,9665218797822,1909493233461120
2021-05-27,423.31,423.81,419.21,422.41,311198517,17138031843486,1901419390478850
2021-05-28,423.28,426.89,423.0,425.35,203179394,9902132997375,1915906075015520
2021-05-31,425.86,427.58,423.7,427.3,230909559,10006287260730,1924712200641420
2021-06-01,427.5,431.57,426.34,429.72,225690364,9725596753460,1935382434272310
2021-06-02,430.01,432.43,428.54,429.55,292515040,11964642402073,1935422602206605
2021-06-03,429.59,434.96,429.59,433.24,219810187,10892832679634,1950218423686185
2021-06-04,433.07,433.07,428.79,431.59,290325082,11052571722020,1944749758455890
2021-06-07,432.2,435.16,430.16,432.64,337933848,12984086172628,1951960319582200
2021-06-08,432.59,434.38,431.09,432.26,323675386,12474129654679,1949587399792510
2021-06-09,431.73,431.77,427.54,427.54,248515249,10987121519000,1929072612119465
2021-06-10,427.61,430.21,426.88,428.74,267081109,13607411816344,1934875995060790
2021-06-11,429.05,432.78,429.05,432.2,328904073,12612282072079,1975339654449530
2021-06-14,432.13,433.04,430.78,432.68,236258893,9678115770050,1977360017737250
2021-06-15,432.88,434.38,432.02,433.58,336105779,9806556369516,1980939127653565
2021-06-16,433.63,436.87,433.3,436.38,306886295,10148697212674,1993180584250575
2021-06-17,436.03,436.05,432.16,434.18,200549079,9788609771144,1984305926748295
2021-06-18,434.27,436.16,433.91,434.5,230152442,11858388154163,1985283081659505
2021-06-21,434.04,434.04,428.99,430.94,242429356,11226809119060,1969491552351010
2021-06-22,431.58,434.55,431.58,433.92,483816378,10688890418673,1984024284844380
2021-06-23,434.16,436.87,434.16,436.25,372077406,12948629032241,1994448113564310
2021-06-24,437.05,438.85,436.46,437.85,299669858,14757590580855,2000654309736840
2021-06-25,438.24,441.79,438.24,439.87,367173192,13641076617528,2010647146514980
2021-06-28,440.25,440.99,438.0,439.42,237759349,9581616452379,2008244932139655
2021-06-29,439.92,440.03,435.64,437.02,231752905,10830217148434,1998549192511175
2021-06-30,437.24,439.88,437.18,438.35,167361900,9742304346978,2004463421145735
2021-07-01,438.52,438.79,435.35,435.86,172562942,11180646427690,1994562787226870
2021-07-02,435.83,437.6,435.06,435.52,197297363,9079435015873,1994139725231065
2021-07-05,436.05,438.39,436.05,437.17,180179826,10272027701074,2002188226955050
2021-07-06,437.48,440.12,437.48,438.98,194159350,9717768923876,2009341405949770
2021-07-07,438.77,438.77,435.29,436.46,178316175,10066259709049,1997175856755140
2021-07-08,436.68,438.03,432.1,432.12,216934858,11358362556800,1978425607442440
2021-07-09,431.12,431.12,423.71,427.32,238815690,12150496129436,1957362575660630
2021-07-12,428.78,431.52,428.78,430.77,134960092,7201832315144,1974337499348590
2021-07-13,431.88,434.73,431.88,434.23,148612764,8208282177945,1989275515374710
2021-07-14,433.99,434.02,431.33,433.09,147016589,8511733223185,1984746851518430
2021-07-15,433.76,436.34,432.65,436.25,152535249,9160067753039,1998017720081230
2021-07-16,435.72,435.72,432.32,434.34,149475601,8707928750237,1994822916213145
2021-07-19,431.74,431.74,428.46,429.41,152020418,7371116301708,1973865810541895
2021-07-20,426.66,428.31,425.58,428.05,163962103,9736454946164,1967586811701400
2021-07-21,430.52,430.82,425.36,425.51,212123478,10220123029525,1956944775834900
2021-07-22,428.26,431.39,428.16,430.87,182078727,9222420629242,1979441620187220
2021-07-23,431.25,432.68,429.79,431.07,173066295,8879269260421,1980809866337705
2021-07-26,432.66,432.8,426.97,426.98,146233112,7822000987120,1962076329969950
2021-07-27,429.65,430.66,427.44,427.75,142525625,8030188496795,1966711751651740
2021-07-28,426.84,429.23,424.82,428.65,132994480,8264860860598,1970384492721200
2021-07-29,430.1,430.69,427.71,429.01,112355401,7186632259263,1972910853426935
2021-07-30,427.64,427.7,423.4,423.4,143585508,8864837877655,1946959723255855
2021-08-02,425.79,426.29,422.33,426.26,117344385,7694072623618,1962009957666960
2021-08-03,426.11,429.35,425.9,429.35,151056293,9352775456937,1972447423755610
2021-08-04,430.93,436.04,429.51,435.39,166736405,9511557440497,1999436102647295
2021-08-05,435.78,437.19,433.62,434.12,267970616,9015941666155,1994949856975250
2021-08-06,434.22,435.94,431.67,432.69,143715921,7835243439696,1991276687046670
2021-08-09,430.95,432.5,429.45,431.03,140989138,8075299067262,1981026712158355
2021-08-10,432.37,432.37,426.7,427.99,174090342,14009474008366,1973998277244370
2021-08-11,426.61,428.33,423.78,424.23,170671332,12988021296454,1959576822038755
2021-08-12,422.74,424.97,420.98,421.95,251298974,16010997544733,1950934699889025
2021-08-13,421.01,421.61,413.32,415.73,221073775,14427140711895,1925109196362800
2021-08-17,415.2,416.85,409.96,410.94,207917660,15534775580688,1905064953184770
2021-08-18,410.61,415.03,408.08,413.03,184485527,10338124617399,1914671950579685
2021-08-19,410.51,412.58,404.55,404.59,192939369,11034786840608,1874519064646700
2021-08-20,406.26,407.92,398.85,400.4,197108639,10570827323567,1854823204850390
2021-08-23,404.02,407.4,401.23,404.19,166036507,9602204264152,1872554960457835
2021-08-24,408.08,412.45,407.87,412.04,165651965,10073815154548,1903831536226045
2021-08-25,413.54,415.56,410.21,413.51,176200678,9375958176383,1910426209277155
2021-08-26,413.96,415.29,409.42,409.98,174282616,9351533906955,1895952148524815
2021-08-27,408.22,411.38,406.41,409.85,132447809,7960337184482,1896787304484665
2021-08-30,413.75,414.53,409.69,411.11,145640620,8034054354555,1903337414210560
2021-08-31,411.29,419.46,409.28,419.35,170992135,12495867543743,1939907830889265
2021-09-01,418.73,420.83,416.74,419.48,151585722,8969220512137,1939527704576380
2021-09-02,418.75,419.76,414.58,415.46,146860591,8446853806501,1922883034448715
2021-09-03,417.23,419.34,415.97,418.78,147690743,9043385838533,1939239736141760
2021-09-06,418.54,420.26,417.41,419.89,151551858,7650828431395,1943139322904140
2021-09-07,419.39,419.44,415.85,417.38,134459894,7267997603156,1933747076736120
2021-09-08,415.92,417.16,412.9,414.07,182486549,11652973247469,1917065836951860
2021-09-09,411.5,413.14,406.22,406.79,189640520,12161359667875,1884557608143100
2021-09-10,407.57,409.27,405.52,408.23,145028011,9693995198028,1947696696407505
2021-09-13,406.85,410.36,405.99,409.18,152910076,9091011197912,1950131892471100
2021-09-14,410.53,414.26,410.45,411.85,179782236,11751359306067,1963710611584700
2021-09-15,411.52,414.08,410.3,412.32,193193161,9306534199117,1967122387562360
2021-09-16,413.7,414.15,408.26,408.7,166059686,8899436176458,1950015699216695
2021-09-17,408.37,410.82,406.55,410.42,165787615,9488968553884,1956572852140015
2021-09-23,408.5,410.35,406.82,409.88,164544829,9890972436446,1951367523021930
2021-09-24,411.44,412.24,408.53,409.26,153818668,8690313738922,1949240409723625
2021-09-27,408.7,412.14,408.39,410.38,153145297,8269103248033,1955291879337825
2021-09-28,410.15,410.52,405.24,405.65,175590916,10219088224796,1932888115771740
2021-09-29,399.92,401.76,396.28,399.61,180584673,10878594376878,1907271939769210
2021-09-30,398.92,402.41,397.56,400.83,182825295,10477258295526,1912221258684845
2021-10-01,399.07,400.04,393.68,394.31,155624972,8429867333053,1882029349309790
2021-10-05,391.45,391.48,384.45,387.52,202463720,11534064829854,1846832025211785
2021-10-06,390.53,391.89,381.44,381.44,229528883,11361351391725,1814379627438350
2021-10-07,385.38,388.29,384.1,387.69,173712315,9011317522468,1844911043456385
2021-10-08,390.11,390.2,386.19,386.97,150216948,8939922486046,1841131846416425
2021-10-12,385.83,386.19,378.7,380.33,158572418,9639747112071,1814277186204340
2021-10-13,379.77,385.35,379.02,383.78,154270180,8520629866720,1831318716573550
2021-10-14,387.08,389.33,386.15,389.29,170130832,9002329368505,1858981779739850
2021-10-15,392.62,394.19,391.09,392.89,170785119,8409155810432,1874954741388735
2021-10-18,393.09,393.81,389.44,391.69,126679987,6648534680563,1869015134317465
2021-10-19,393.93,395.6,392.95,395.1,113851166,6318250761254,1884425281121530
2021-10-20,397.17,397.77,393.34,393.43,129247377,7570788391002,1873734296435625
2021-10-21,393.25,395.2,392.08,392.87,136385949,7176122525200,1870082912321625
2021-10-22,392.51,394.59,391.27,393.02,108298947,6160691257463,1869785049975050
2021-10-25,392.15,395.65,389.72,394.72,152055691,7619706859903,1878585769143085
2021-10-26,397.46,399.36,395.98,398.76,135398751,6954036069869,1897336624177870
2021-10-27,398.01,398.47,394.12,395.2,193851338,7592190324502,1882185903849160
2021-10-28,394.62,397.4,393.56,393.56,180654911,9623791584527,1872583762351535
2021-10-29,395.73,396.47,387.47,388.13,146473425,8268182364899,1846243548533785
2021-11-01,390.0,391.31,388.83,389.48,121440446,6602017141770,1852259821146155
2021-11-02,391.83,397.71,391.83,394.44,126751528,7009440084415,1874898766802865
2021-11-03,395.35,395.49,388.18,389.12,137221704,6989417940309,1849642174263025
2021-11-04,392.81,394.79,390.4,391.19,185410670,10359146196992,1859474433549960
2021-11-05,394.28,394.35,387.28,389.51,139113487,8175681356500,1850489636640835
2021-11-08,389.74,390.34,385.13,389.22,126068904,7561868853951,1845572097116260
2021-11-09,388.81,392.77,387.89,390.0,127585302,7083502826325,1849890497454890
2021-11-10,388.01,389.9,385.21,385.86,117561127,6908340557195,1830220199655275
2021-11-11,383.45,385.67,382.19,385.6,212910236,11150759419546,1828338041758920
2021-11-12,388.79,391.39,387.14,390.02,166336516,9337283685300,1853774691370370
2021-11-15,392.98,395.17,391.82,393.98,174938581,8537189868311,1872837901530370
2021-11-16,393.55,396.11,392.23,393.7,134392007,8246106054114,1873783343258855
2021-11-17,394.51,394.74,388.32,389.06,146332515,8067205547275,1851043923928145
2021-11-18,388.48,389.61,385.93,387.07,130465730,7398204484037,1840789631883580
2021-11-19,387.6,390.77,386.95,390.13,130759482,7982879139873,1857881244964200
2021-11-22,392.66,399.3,392.25,398.53,144700874,9890187946500,1889978597789620
2021-11-23,398.83,398.93,395.03,395.84,124508890,8064804581460,1877313574045055
2021-11-24,397.26,398.79,392.7,394.83,128293474,7758092136175,1873428556808725
2021-11-25,395.11,395.12,391.15,391.39,117213378,6741120432411,1859801460699150
2021-11-26,390.07,392.25,383.68,384.55,145771166,8625603922656,1831345766736180
2021-11-29,380.72,384.39,378.75,381.07,178592646,9562235370240,1805088538322345
2021-11-30,384.43,385.74,370.31,372.66,258522165,15951427441278,1775046319157985
2021-12-01,375.85,383.36,373.02,382.45,167598673,9948057079828,1816847930006435
2021-12-02,379.09,388.95,378.91,388.95,150988571,9682850608169,1846254225896305
2021-12-03,387.53,392.6,385.79,391.3,127840348,8027936515300,1858912489162955
2021-12-06,389.3,393.72,386.93,392.16,124900731,7464588078910,1861963793528050
2021-12-07,392.21,395.73,390.65,395.59,157041371,7606787531180,1875771535846995
2021-12-08,399.16,401.62,395.61,396.55,140133384,8638327981204,1882351537000150
2021-12-09,397.48,400.41,396.23,400.41,159053924,10120063701086,1900362233483625
2021-12-10,397.49,398.36,395.86,397.25,92722061,6164415880790,1926581977992395
2021-12-13,398.66,402.61,396.18,396.55,113328182,6880591404172,1921166797320945
2021-12-14,393.82,396.3,392.79,394.7,116495624,6880161238809,1911975147616435
2021-12-15,393.28,395.03,392.14,394.95,88943348,5635111420424,1912865663222805
2021-12-16,398.22,398.96,394.49,396.96,94125586,6426262273359,1924857650899075
2021-12-17,393.75,398.3,393.58,398.24,134697578,8722582146128,1932001852762890
2021-12-20,395.7,395.89,390.27,390.66,97270477,6575365871341,1895359388140780
2021-12-21,393.64,394.54,390.49,393.23,105997690,6533207774373,1904137929001795
2021-12-22,396.11,397.27,394.06,395.36,100313358,6446064478080,1910087957468260
2021-12-23,397.26,397.64,394.99,397.43,105281612,6647240557492,1919620421264600
2021-12-24,398.99,401.74,398.91,399.8,102503125,6252101538980,1929070499635545
2021-12-27,399.88,400.35,397.63,397.89,103635956,5653274752350,1920708427347395
2021-12-28,398.84,400.49,396.54,400.49,169712212,9338598443762,1935521459707810
2021-12-29,398.02,398.43,395.14,396.0,169048470,8442539740355,1914640389994930
2021-12-30,396.41,397.84,393.16,393.48,103887032,6441431686978,1902371490999570
2022-01-03,396.44,398.7,393.55,394.79,97581473,5916887559115,1909559749330865
2022-01-04,395.3,396.0,392.67,394.69,117160885,7335075222470,1908027275495385
2022-01-05,394.05,394.49,386.9,389.68,175488530,11706291914065,1883408943454035
2022-01-06,385.85,389.81,384.62,385.52,152386576,9949712804745,1862774877030950
2022-01-07,387.6,391.0,387.36,390.14,114276571,8111558464898,1884682125928315
2022-01-10,388.97,389.53,384.09,386.82,139103010,8306218369388,1866521471302730
2022-01-11,387.61,389.71,385.55,388.26,133428702,7933719172030,1869095805094615
2022-01-12,391.59,394.15,391.26,393.94,210105987,8821315438186,1898702516864850
2022-01-13,394.97,395.18,391.81,392.29,151714327,8899436063624,1891401067450555
2022-01-14,388.96,390.1,385.56,386.75,146048033,8539783273232,1864010698894460
2022-01-17,386.3,386.57,380.89,383.11,135817575,7413658579965,1843942986164925
2022-01-18,384.38,384.94,379.14,380.32,127939028,7234303513263,1827570812902885
2022-01-19,377.07,381.21,376.06,377.53,126170181,7634913768260,1813956759233095
2022-01-20,377.29,379.72,375.83,379.7,114098651,6960681998037,1825981936973935
2022-01-21,376.05,376.96,372.68,375.4,134237431,8074616042698,1807956133709680
2022-01-24,373.94,374.78,368.97,370.63,112639984,6718747948400,1783169529825995
2022-01-25,369.63,370.01,359.24,361.74,142181165,8369863265110,1737587254846510
2022-01-26,363.06,364.65,359.83,360.18,109342528,6781554969243,1729489462853675
2022-01-27,360.18,362.46,347.91,347.95,158318286,9998445147336,1668229298574415
2022-01-28,349.66,358.19,346.63,357.33,146975846,9427049699831,1713135464626630
2022-02-03,363.41,365.47,360.95,360.95,125482179,7863881143246,1733439169786950
2022-02-04,362.44,366.14,361.18,365.68,109788153,6431976708608,1757020811154340
2022-02-07,364.74,364.74,358.94,362.26,135534006,7200575552875,1741572163003020
2022-02-08,365.25,366.65,360.19,362.82,133105733,7590982301469,1745680038280545
2022-02-09,366.35,367.98,365.13,367.98,117910162,6516035422387,1767413617524800
2022-02-10,371.17,372.2,368.64,370.9,180487876,9052187214238,1779231619070845
2022-02-11,366.87,370.63,366.24,367.94,161469119,8189120219283,1762081934089640
2022-02-14,363.66,365.31,359.81,362.32,146971729,6963340040466,1737779889177285
2022-02-15,363.79,364.13,358.16,359.78,140833154,6638804691530,1723073950143610
2022-02-16,365.31,366.99,363.99,366.64,108436280,5968406412135,1757384591540695
2022-02-17,367.45,372.38,364.89,368.88,209730967,8637742117822,1768354822910245
2022-02-18,364.91,368.64,364.03,367.88,137053118,6082517288286,1766942185019275
2022-02-21,362.36,368.1,360.48,367.63,109544039,5668991436860,1766524331773215
2022-02-22,362.27,364.12,360.1,362.85,162875958,6905186484439,1744295909534545
2022-02-23,365.59,365.91,361.74,363.78,139928097,6112151593830,1750747112030270
2022-02-24,359.4,360.12,353.41,354.39,167277164,8503343379721,1706719822312240
2022-02-25,358.04,360.2,356.37,357.79,154972994,7423040569800,1724125156327320
2022-02-28,355.95,360.88,355.12,360.88,237317520,9445530427483,1740100659483880
2022-03-02,360.87,362.13,359.27,359.94,170944083,7679437182276,1737159499129805
2022-03-03,363.71,366.73,363.35,366.4,167176676,7323912860320,1766946322997480
2022-03-04,364.69,364.88,359.49,361.04,237190017,8988126548763,1745417118005670
2022-03-07,355.95,355.95,351.28,352.39,193155373,8909049069354,1704885496127695
2022-03-08,347.49,352.17,346.22,348.75,185897543,8648190492065,1686882087238930
2022-03-10,353.69,357.61,353.69,357.36,212652188,10823571336089,1726939389500400
2022-03-11,355.3,356.2,352.64,354.67,182548310,9197993829492,1807963615381950
2022-03-14,354.07,355.82,352.18,353.97,163912346,8994583220022,1798277936313840
2022-03-15,351.7,353.25,349.74,350.39,149108189,7168563587586,1780993020647695
2022-03-16,354.23,355.63,351.35,355.45,125092760,6385893888137,1806858811147130
2022-03-17,361.73,363.52,360.71,360.81,172536469,9185664503327,1831739210588190
2022-03-18,360.5,362.1,358.98,361.67,155321051,8266735365446,1839501203690275
2022-03-21,363.15,363.15,357.77,358.12,117142394,6428429475390,1823581213589055
2022-03-22,358.11,361.46,358.11,361.01,120703024,6949401916641,1840175574200155
2022-03-23,363.4,365.74,362.24,364.18,137431069,7142403493714,1857635511514670
2022-03-24,361.18,362.85,359.76,362.73,149348495,8556924147593,1852397836285965
2022-03-25,364.11,364.12,360.67,361.41,119074647,6974694867070,1852857741881490
2022-03-28,359.98,362.57,358.11,361.4,136535025,5890583769566,1852836072115885
2022-03-29,363.52,364.89,361.67,363.11,132695450,6170287309852,1861718201276155
2022-03-30,365.51,366.14,362.98,363.84,141643855,6530661073317,1866462149345765
2022-03-31,363.44,366.35,363.32,364.95,388609487,6751915062603,1873138067796530
2022-04-01,363.31,363.31,360.92,362.53,446847689,7196628144065,1859039329364730
2022-04-04,361.19,364.39,360.0,364.28,171554087,5298139960894,1870975555722975
2022-04-05,365.41,366.01,363.02,364.09,244226348,5262759081701,1871692832746065
2022-04-06,361.38,362.31,359.85,360.36,176510187,6512785684822,1853471585224980
2022-04-07,357.8,358.27,354.79,355.09,193937391,7704972240910,1825372577355895
2022-04-08,356.21,356.98,353.62,355.36,166111896,6737531401740,1827801408392330
2022-04-11,353.92,357.08,353.14,355.14,131522527,5668333958425,1822990828686070
2022-04-12,352.87,354.18,350.73,351.68,129717478,5816117786914,1804155241442500
2022-04-13,353.19,358.77,352.73,358.36,177428230,6214853173731,1840860236335095
2022-04-14,358.58,358.64,355.54,356.73,159155308,7211760259512,1839248844468570
2022-04-15,353.71,354.43,352.08,353.2,142642668,5821098591995,1822874443205830
2022-04-18,351.55,354.23,350.89,352.99,110996402,4519324381220,1820426361300755
2022-04-19,355.13,357.88,354.67,356.72,130216350,5195568464411,1838442840717625
2022-04-20,356.49,357.62,354.29,356.88,148872727,6540303924225,1837724928695375
2022-04-21,357.68,360.09,357.59,358.37,148564837,6401492018994,1844970562274560
2022-04-22,354.9,355.43,353.03,354.79,214761534,6159964465654,1827433107743130
2022-04-25,350.73,351.62,348.28,348.35,139465955,6608117568209,1795867515623225
2022-04-26,350.71,351.56,349.73,350.03,122916877,6485161212763,1803372291679350
2022-04-27,345.77,346.15,343.15,345.58,146757175,7409740037921,1783204756198665
2022-04-28,347.98,349.53,345.4,349.53,164684493,7241408296705,1809956634395320
2022-04-29,349.8,354.69,349.09,354.44,182270799,8028489423454,1829299899205280
2022-05-02,350.68,353.89,350.29,353.38,131468536,5220941142453,1822836139544460
2022-05-03,353.64,355.8,352.48,352.68,132700189,5403829878955,1817435061854880
2022-05-04,354.21,355.39,351.65,353.21,279177321,5532837523242,1816811992832230
2022-05-06,349.64,349.64,347.33,348.37,622950942,7285813289921,1793525654229775
2022-05-09,347.06,348.74,344.23,344.79,256536775,5551146802828,1773484903166465
2022-05-10,342.59,344.1,337.87,343.05,249371132,7398734473921,1764078535940055
2022-05-11,341.63,343.83,340.61,342.82,184518723,5952741363105,1761493743918020
2022-05-12,339.52,342.4,337.04,337.33,262823514,8649960825192,1733833628260935
2022-05-13,339.88,345.2,339.13,344.88,187355684,7012461396384,1771987159051230
2022-05-16,347.61,348.23,342.95,343.32,231878012,5375346947200,1764017013428015
2022-05-17,344.66,347.29,344.49,346.9,171093883,6087751077913,1781495288099975
2022-05-18,348.99,350.52,346.59,347.71,166291214,6302360001326,1785066967204960
2022-05-19,340.54,343.47,339.94,342.62,196527465,6861034807573,1762095923626760
2022-05-20,344.44,349.05,344.26,348.66,133213782,6183574152869,1796371712981410
2022-05-23,350.52,350.75,347.86,349.71,183164939,5447158234709,1802702685461820
2022-05-24,348.39,349.16,343.46,343.46,150996891,5827622859224,1773639723444140
2022-05-25,345.71,346.95,342.89,344.98,125139646,5781990616472,1781457274638255
2022-05-26,344.91,348.33,342.05,343.64,126445367,6231121581940,1778033119381720
2022-05-27,347.79,348.48,346.52,347.41,133072930,5613542895753,1795926250208115
2022-05-30,350.89,352.21,349.44,351.86,151012831,5604146609901,1818267472317275
2022-05-31,351.15,354.07,349.43,353.9,266678105,11290597703804,1829557640416650
2022-06-02,351.6,352.18,348.94,349.88,196091386,5908010491322,1809736540235105
2022-06-03,352.83,353.19,350.47,351.38,134646639,4797509616342,1818050041868215
2022-06-07,349.41,349.88,344.4,345.04,135311555,6687788632348,1787307752331310
2022-06-08,345.84,347.47,344.93,345.59,123302092,6030965507002,1787550056243065
2022-06-09,344.72,346.21,343.07,346.0,191391854,8507879984034,1788694206261965
2022-06-10,341.71,342.63,340.05,341.28,136208016,6290154321015,1781297885258855
2022-06-13,335.12,335.3,329.28,329.28,163805809,7193816119534,1719014040273525
2022-06-14,325.07,328.68,322.76,327.64,174250564,7468385969235,1712327466720425
2022-06-15,327.11,327.69,319.77,321.63,159365415,7401732983729,1682397050139430
2022-06-16,326.13,328.24,321.01,321.66,138751851,6833924982258,1684971119910690
2022-06-17,315.74,320.13,314.23,319.51,197274709,8831028636019,1677808527467670
2022-06-20,320.88,320.88,311.15,313.88,151134778,6548982164978,1646290149837275
2022-06-21,315.37,318.16,313.09,315.8,120058757,5524069194316,1657423542167400
2022-06-22,316.89,317.06,307.52,307.52,161699987,6595752632164,1613760285140535
2022-06-23,308.25,310.37,303.57,304.89,197731766,7893205010708,1598572273857840
2022-06-24,306.9,312.84,305.72,311.5,137827106,6261623465471,1632120665523760
2022-06-27,313.75,318.51,311.29,315.63,136483261,5923970339186,1654305716476185
2022-06-28,316.09,318.53,314.63,318.53,117270107,5176514685988,1668359045522240
2022-06-29,313.76,314.58,311.97,312.29,132702473,6316507805821,1635672964172905
2022-06-30,310.66,311.03,306.64,306.64,143728581,6884662893235,1603805244560215
2022-07-01,308.17,309.98,301.4,303.47,136341014,6640105588159,1585084727165805
2022-07-04,303.91,305.25,300.27,303.46,128355599,5456744055406,1583918341655470
2022-07-05,306.6,309.42,304.8,308.48,110061662,5593805878084,1611388078554145
2022-07-06,306.59,307.27,301.54,301.73,156255459,7320258968101,1576203143255790
2022-07-07,303.75,309.51,303.67,307.75,126308391,6187396745597,1606685184524260
2022-07-08,310.17,312.47,309.46,309.59,108520280,5481366254032,1617955304345615
2022-07-11,310.49,311.27,307.42,307.73,94922551,4718629337243,1610368416952080
2022-07-12,306.39,306.99,302.77,304.48,107070512,4567371749192,1596180346731890
2022-07-13,305.68,308.02,304.45,306.03,110889577,4806864852962,1603225976997250
2022-07-14,304.15,307.37,303.1,304.8,115966729,5134952869472,1598146091863885
2022-07-15,306.89,307.53,301.56,307.35,125245332,5518131591910,1605575739449400
2022-07-18,310.5,314.6,310.08,314.3,113852019,5387530657393,1635955912092475
2022-07-19,312.81,313.48,311.25,313.33,95255739,4633587067713,1631701556247135
2022-07-20,318.57,319.06,314.94,315.45,113805602,5708246561493,1643036328554630
2022-07-21,315.65,319.56,315.65,319.1,91222451,4868216952656,1659602894915300
2022-07-22,318.54,320.34,316.45,316.76,120586339,5199423329141,1647640895308880
2022-07-25,315.82,319.49,315.61,317.76,94023603,4607563100187,1655574374260425
2022-07-26,316.81,319.33,316.46,319.04,87527181,3865589348454,1662138929647510
2022-07-27,319.26,319.43,316.75,319.16,88689057,5312639609836,1663557941912740
2022-07-28,322.31,323.15,320.19,321.04,131104836,7108007487524,1678141975194060
2022-07-29,323.79,325.24,321.37,322.72,163690816,8284061362781,1688785364027910
2022-08-01,321.56,323.73,320.38,322.39,111147238,5412473298837,1688176216387740
2022-08-02,322.05,322.27,319.63,321.06,113133823,5168258328211,1679523057338730
2022-08-03,320.9,323.21,319.67,323.21,93895638,4992566925750,1694993087855695
2022-08-04,325.52,325.81,323.81,324.88,110170799,5647628020100,1703416661459735
2022-08-05,326.12,327.87,325.77,326.9,119887687,5820355787175,1715748582785150
2022-08-08,325.46,326.83,324.66,326.64,113665684,5987692381308,1717101660986865
2022-08-09,326.62,328.02,324.69,327.52,121621764,6912414564601,1724857726878790
2022-08-10,325.71,325.81,323.28,323.77,134971484,6197558176001,1708089328495840
2022-08-11,327.61,329.32,327.14,329.32,140037693,7386751723889,1738570721416385
2022-08-12,328.63,330.52,328.47,330.07,138074595,6205062372759,1740632165139720
2022-08-16,332.06,332.87,330.48,331.18,131425519,6302995623160,1744597653272865
2022-08-17,331.51,332.64,328.72,329.31,105787944,5324911092892,1733198592600400
2022-08-18,326.87,329.35,325.54,328.21,101500352,5463112631304,1726978204530455
2022-08-19,328.47,328.48,325.76,326.2,125260656,5304342378011,1716293924185195
2022-08-22,322.7,323.81,321.25,322.19,93521614,4321199008536,1695934782773940
2022-08-23,320.26,320.91,317.69,318.12,118040664,5363084996949,1676439121815500
2022-08-24,319.57,320.39,317.58,319.28,156496654,6378146734377,1684277648989160
2022-08-25,321.0,323.05,320.23,323.05,130657394,5386410470135,1705313163314175
2022-08-26,324.78,325.98,322.72,323.32,188815787,6340893429585,1707632189577290
2022-08-29,316.87,316.87,314.92,315.78,203734909,5945392450310,1669793359179755
2022-08-30,317.39,319.42,316.39,318.92,133480207,5027383068056,1686419583655925
2022-08-31,316.39,322.79,315.71,322.38,228418331,7833372833157,1701517006702590
2022-09-01,318.16,318.21,314.45,314.45,183420887,6519775987478,1661907393940910
2022-09-02,315.89,316.15,311.6,312.36,133783288,5748216583842,1657249328193495
2022-09-05,312.52,314.65,310.35,311.91,112444002,4622067783458,1653784636258630
2022-09-06,312.79,314.4,311.15,312.44,91544623,3871431441787,1656994478558005
2022-09-07,310.29,310.53,306.14,307.6,146286610,5829752723286,1633993735440635
2022-09-08,309.67,309.96,307.7,308.56,149121338,6672565740728,1639743630036955
2022-09-13,313.36,318.76,313.36,317.99,150586396,7313863555452,1686469809475595
2022-09-14,309.52,313.37,308.62,312.17,118207469,5655233883330,1658854757907200
2022-09-15,312.58,313.28,310.07,310.07,111218127,5471890375045,1651182757009185
2022-09-16,308.03,308.98,306.47,308.13,135937347,6618318444665,1638856814668715
2022-09-19,309.02,309.26,305.13,305.94,101185844,4835820924025,1621194436355340
2022-09-20,308.2,309.42,306.25,306.98,96957189,5034909510601,1628879145998995
2022-09-21,304.53,305.52,303.23,304.12,104487486,4651751430737,1613975051131885
2022-09-22,300.13,301.64,298.76,301.11,114961979,5170582804428,1602741040402575
2022-09-23,300.94,301.55,296.31,297.2,114627043,5178007171472,1574446618790225
2022-09-26,293.12,293.35,288.49,289.24,177691607,7088012007082,1530092349544605
2022-09-27,289.75,290.22,286.27,289.67,152309861,6310895750442,1532256478568230
2022-09-28,287.14,289.19,280.29,282.67,160839496,6903850200432,1495225781014440
2022-09-29,286.07,287.29,282.05,282.14,128427289,5584453689540,1496674214747415
2022-09-30,281.23,283.83,277.89,280.85,143737637,6233068060826,1485351845975770
2022-10-04,285.78,288.43,284.9,287.75,120019411,6053598630653,1522328610658835
2022-10-05,293.34,294.01,286.92,288.53,138906604,7289050714507,1528199264614880
2022-10-06,290.67,292.78,289.56,290.73,93858156,5017652190888,1542172687164050
2022-10-07,287.83,291.68,287.32,289.89,128156449,6006690793075,1539001559349110
2022-10-11,283.73,284.44,281.55,284.44,127821691,6026955263904,1513307427066110
2022-10-12,284.71,286.94,283.83,286.57,120861623,5557304225961,1521195022510240
2022-10-13,285.75,285.85,282.06,282.06,133288668,5498923729539,1495390687715980
2022-10-14,287.07,289.8,286.07,288.83,132068992,5109070080147,1529564594740170
2022-10-17,285.37,289.5,284.39,289.05,111596605,4981197435976,1534058016432630
2022-10-18,292.81,293.24,289.25,293.06,117118415,5739327512622,1554496622319980
2022-10-19,292.88,294.8,290.41,290.76,110850949,5688842015697,1545629556084115
2022-10-20,288.8,289.54,285.98,288.09,136903626,6043941128202,1532345342457865
2022-10-21,287.16,289.86,286.92,288.05,102369328,4677515388666,1531346564359760
2022-10-24,293.06,293.71,289.99,290.94,116175715,5372980905337,1547506547381860
2022-10-25,290.76,293.21,290.04,291.05,116351408,5506858759718,1547458881099250
2022-10-26,291.68,294.75,290.91,293.31,122301108,5868014820535,1559579464241160
2022-10-27,295.32,298.59,294.47,298.28,176203960,6808554050470,1587041667086670
2022-10-28,296.26,297.91,294.19,294.52,131077655,6484976824806,1571443400486065
2022-10-31,298.07,299.49,295.92,299.04,121050404,6465630072338,1589521550533185
2022-11-01,299.99,303.46,299.29,303.33,272490446,7030448259042,1618957536779360
2022-11-02,301.94,304.54,301.48,303.32,192341328,7319768034633,1620408588341980
2022-11-03,297.99,303.26,297.08,301.11,179815599,6978447675457,1614223614809565
2022-11-04,300.62,303.78,298.92,303.78,182715250,6204182341166,1628876574983600
2022-11-07,305.52,307.59,304.5,307.32,148868512,6158493838101,1645567171432680
2022-11-08,309.52,311.99,308.68,311.45,142951839,6698895346165,1664883580255970
2022-11-09,312.83,315.52,311.98,314.66,162126788,6677284098425,1682723916358200
2022-11-10,312.07,314.32,310.56,310.56,149974585,6946966113072,1666140306244075
2022-11-11,319.87,322.92,319.43,322.5,236342179,11022065112024,1724859783355060
2022-11-14,322.99,324.12,320.31,320.94,267590481,9296763009126,1717123598774690
2022-11-15,322.18,322.41,319.41,321.73,144811100,6544080313864,1719871806159000
2022-11-16,322.4,322.4,317.45,321.38,177085550,7137387506972,1718487302753930
2022-11-17,319.39,319.8,316.18,316.18,157359350,6011382173742,1693497579635920
2022-11-18,317.05,320.11,316.07,316.55,136518686,5463791570061,1695249020901385
2022-11-21,316.65,317.07,312.43,314.1,123416831,5039138952131,1677964380335380
2022-11-22,312.31,314.5,311.13,311.46,115972431,4784358271731,1666900249692910
2022-11-23,314.27,314.67,312.11,313.54,148269042,5419685980698,1674560656208230
2022-11-24,316.03,316.76,314.69,316.72,99544201,4872435845987,1690781537640250
2022-11-25,316.71,317.52,315.2,315.5,102914786,4082696378336,1687463164367020
2022-11-28,313.31,313.31,310.75,311.64,96035031,4381041192843,1666807679165940
2022-11-29,311.24,315.16,310.52,315.01,94417485,4131770406899,1684165582868355
2022-11-30,313.78,320.43,313.64,320.42,189080122,9682024719496,1712514081739000
2022-12-01,324.76,324.91,320.92,321.43,130317465,6281005430408,1716470500972685
2022-12-02,320.17,320.17,314.45,314.45,114750435,5464065704385,1682845040567765
2022-12-05,315.69,316.48,312.36,313.34,113970929,6186908574439,1671559715671070
2022-12-06,310.34,312.77,309.15,309.58,100040512,5111289716846,1653913287258840
2022-12-07,308.55,309.68,307.56,307.72,92852286,4668364483104,1646116686847150
2022-12-08,308.22,308.44,305.46,307.68,121095343,6140431209145,1638749410257720
2022-12-09,309.25,311.49,308.21,311.06,113451366,5851981397637,1651483622145040
2022-12-12,308.82,310.13,308.15,309.08,85706449,4104121326637,1639164845521710
2022-12-13,310.7,311.29,307.99,309.0,101876943,4798781863042,1638600028762715
2022-12-14,310.31,312.84,310.0,312.67,83853551,4342121846035,1657576640367325
2022-12-15,310.17,311.42,307.18,307.18,95261751,4219247393971,1628650201051015
2022-12-16,302.88,306.93,302.57,306.93,114653592,5111486074430,1628692870696730
2022-12-19,305.78,307.43,304.65,306.21,77963325,3389190880392,1623398277880325
2022-12-20,305.1,306.01,302.42,303.5,88754764,3751122599417,1611468594178060
2022-12-21,305.29,305.42,302.38,302.68,76956809,3424230440896,1607206141882055
2022-12-22,304.11,306.93,303.4,306.93,233308281,7502614059250,1627054279919300
2022-12-23,302.59,303.75,300.94,301.53,94834788,3983860533166,1597263274400675
2022-12-26,301.2,302.42,300.12,301.72,78881090,3328680326460,1600153844130730
2022-12-27,303.22,304.42,302.28,303.67,122967923,4996334393543,1610156557132930
2022-12-28,298.78,298.78,296.07,296.55,137294971,5455738601610,1572078453740100
2022-12-29,294.45,295.38,290.57,290.57,114466989,4641526284560,1541773570334525
2023-01-02,292.38,293.49,288.69,289.26,92544049,3817327305505,1535786624843340
2023-01-03,290.11,290.42,283.85,289.05,106623597,4524745849460,1530480035423500
2023-01-04,287.82,296.12,287.43,295.44,109947475,5193513528314,1557422148946850
2023-01-05,297.11,299.15,295.47,297.33,137287857,6003133980930,1563535980673890
2023-01-06,296.16,302.53,296.02,300.98,121021827,5367994107791,1581913625677170
2023-01-09,304.55,309.26,304.02,309.13,121175378,5859248488820,1625213886083170
2023-01-10,308.13,311.43,307.69,309.01,111372904,5344555761872,1625641839889735
2023-01-11,311.1,312.0,308.55,309.82,102603792,5055057989735,1630645819850575
2023-01-12,312.15,312.39,309.14,310.14,130719268,6002834360898,1634148968575160
2023-01-13,311.78,314.8,311.42,313.21,128647491,5505750697901,1649716459330850
2023-01-16,313.84,317.06,313.6,315.46,119827727,5136041719885,1659318168125025
2023-01-17,315.65,315.98,312.39,313.19,101245946,4829876737911,1644475052032200
2023-01-18,313.05,313.57,309.55,311.34,93051501,4402572106672,1636555678391630
2023-01-19,309.52,313.24,309.49,313.24,86249920,4301694616746,1645112193282350
2023-01-20,313.43,315.19,312.03,315.01,78972658,3966952670013,1656848612789790
2023-01-25,320.23,320.9,319.18,320.18,97520618,5108214178345,1681584844840226
2023-01-26,321.24,324.98,319.94,324.98,117869448,6422773590988,1710953932784260
2023-01-27,325.63,329.11,324.4,327.39,156157976,7350304258342,1721797939467355
2023-01-30,327.49,328.32,321.78,322.09,141804259,7646892750714,1693399374794250
2023-01-31,322.13,322.62,316.51,316.69,194662939,8634518594662,1672584987316754
2023-02-01,319.96,321.04,318.04,320.61,140522119,6544555570104,1690584864195177
2023-02-02,325.35,326.14,321.39,323.35,152767019,7307002311565,1704293188576769
2023-02-03,323.0,325.9,321.81,325.27,122861528,6514549516767,1713245864491347
2023-02-06,322.32,323.12,318.24,318.25,115868857,5563996962178,1679904795354502
2023-02-07,318.78,320.84,317.63,319.97,113208908,5635318120578,1690385462868006
2023-02-08,322.69,325.84,322.23,325.04,121204143,6160316395079,1713818458924189
2023-02-09,323.13,325.19,322.25,324.31,131429938,6925196103392,1712074437033107
2023-02-10,322.72,323.57,321.04,323.11,125805632,6354240788456,1703973544252861
2023-02-13,322.08,322.45,319.23,321.17,121921807,5641841024410,1692852992738074
2023-02-14,323.91,325.21,322.28,322.89,103203572,5258820216841,1701849758919759
2023-02-15,323.84,323.96,316.84,317.41,136826891,6976490099505,1675048455648118
2023-02-16,319.42,323.76,319.06,323.51,133653388,6873867546616,1709291367514309
2023-02-17,319.57,323.07,319.44,320.2,119733349,5815930321239,1690785222916709
2023-02-20,320.49,322.38,317.62,321.21,113034378,5639845598811,1692613842625325
2023-02-21,321.58,322.3,319.44,320.98,117781252,5195076829337,1696373994284397
2023-02-22,317.36,318.15,315.28,315.37,131261010,5930930041454,1666660190715670
2023-02-23,317.2,320.53,316.56,318.86,144600247,5656010037372,1682410629602584
2023-02-24,319.31,320.67,316.28,316.37,120132137,5058697591648,1671238797212144
2023-02-27,313.73,313.86,311.07,313.37,109326079,4841116080866,1655661435649595
2023-02-28,315.18,317.11,313.56,314.23,131219879,6531968356514,1662515541788497
2023-03-02,314.73,318.3,313.83,315.69,134687411,6585636898518,1672270011046534
2023-03-03,317.12,317.65,314.73,315.79,113903621,5644637362513,1674815018917707
2023-03-06,318.65,320.69,317.32,320.36,126067650,6946705373224,1697187296892237
2023-03-07,319.46,321.34,319.07,319.22,132305543,7567962800562,1696415653949210
2023-03-08,315.57,316.29,314.2,314.81,143256632,7428512223938,1673241096299526
2023-03-09,316.0,316.61,313.03,313.48,166456519,7826471728918,1664415200001343
2023-03-10,309.59,310.94,308.56,310.08,121792716,5784256376233,1648463300556283
2023-03-13,311.21,313.13,307.5,312.65,125377574,5887628916564,1662243648401130
2023-03-14,309.62,309.7,304.9,305.03,129872521,5736253971792,1621219961263661
2023-03-15,309.19,310.84,307.25,308.54,112057164,5480004581227,1641776730251972
2023-03-16,305.32,308.71,304.08,307.83,111884405,6171423062441,1641145849895898
2023-03-17,311.64,312.12,309.24,311.51,126075336,6707528858297,1653664430327650
2023-03-20,311.03,312.87,308.84,308.93,89484091,4321397343900,1640468788248473
2023-03-21,311.3,311.48,309.1,309.8,84166007,4117286197671,1645799384352224
2023-03-22,312.76,313.69,311.38,313.54,93689456,5073664318193,1666950168327095
2023-03-23,310.95,315.18,310.84,315.18,111562635,5903189674854,1673016742574404
2023-03-24,314.61,315.29,311.95,313.74,110748782,5880335275191,1664398271276447
2023-03-27,314.26,314.26,310.68,312.28,100986815,5418111113056,1659545248346694
2023-03-28,313.58,315.79,312.94,315.79,120382700,5393876425046,1677132815147102
2023-03-29,315.11,316.46,314.39,316.44,152849174,5898626574097,1682092005706339
2023-03-30,317.94,318.91,316.21,317.48,187349495,7712730924155,1688082451298590
2023-03-31,319.02,321.95,318.6,321.45,194244791,9773751592338,1707440615398365
2023-04-03,322.59,322.6,319.15,319.8,137960709,7276001574881,1698414569393053
2023-04-04,320.39,322.27,319.66,321.17,155302511,9273697451851,1704545288994283
2023-04-05,321.45,323.38,320.8,322.97,121196254,6690163537030,1714970240025787
2023-04-06,321.78,321.78,317.21,317.25,145369418,7946591980582,1688551356886839
2023-04-07,320.71,323.3,319.96,322.77,137010801,7834873405688,1711192261941777
2023-04-10,322.69,327.29,322.49,325.79,144407683,8966998816695,1727450440629792
2023-04-11,327.41,330.98,326.29,330.27,148445298,9945339065935,1753103698885019
2023-04-12,330.28,332.2,329.17,331.49,252054775,10197042353239,1755252529834798
2023-04-13,329.47,332.49,329.04,332.49,172637257,8644091593974,1764353887219433
2023-04-14,334.82,335.14,331.91,333.08,298774120,9378117953242,1769368283334995
2023-04-17,333.02,333.69,331.58,333.32,244966264,9129520754167,1771095704936291
2023-04-18,334.33,334.33,330.75,332.9,238293765,9609387789762,1767972001794584
2023-04-19,332.74,334.34,332.35,333.17,167721804,7922071257141,1769435780278591
2023-04-20,331.82,333.04,330.61,332.06,176356265,7756610382029,1762678054779924
2023-04-21,331.48,331.88,328.96,330.35,146584565,7684553699278,1749882060148722
2023-04-24,329.4,329.75,327.47,328.1,133289353,7142860124855,1739470432645008
2023-04-25,329.1,329.22,321.88,323.9,163595334,9016261436605,1718148349998803
2023-04-26,323.98,325.01,322.72,323.39,142148721,7716581662836,1716644014273578
2023-04-27,323.2,325.14,320.6,324.5,147056984,7293515304756,1724305721670383
2023-04-28,326.76,327.96,324.2,325.87,156835928,8398305719792,1729349514968028
2023-05-02,326.4,328.9,326.15,328.5,113909989,6302045225695,1744316309246538
2023-05-03,326.4,327.34,325.24,325.93,103770971,5265714311621,1727312336281583
2023-05-04,325.16,325.74,323.67,325.58,98920127,5457241462310,1727018179036523
2023-05-08,328.41,329.44,327.62,328.3,98841107,5998697754667,1737229478650833
2023-05-09,328.08,328.33,326.22,327.63,90984451,5559999168999,1735274353333628
2023-05-10,327.14,327.29,324.36,325.45,97556890,5631541166336,1725030044946403
2023-05-11,326.59,327.83,324.69,324.69,99132850,5725482132109,1719880429407573
2023-05-12,324.24,324.63,322.38,323.02,99540028,5121699314972,1709762513241088
2023-05-15,322.41,323.97,321.05,323.87,89271062,4629262421491,1713447617271533
2023-05-16,326.42,327.11,324.02,324.72,104620587,5270019282769,1715153850486050
2023-05-17,325.02,326.93,324.23,326.02,92270295,4617095561012,1725048160966210
2023-05-18,328.47,329.28,327.09,329.24,94713526,4922322993564,1740186672795075
2023-05-19,332.07,333.66,331.4,333.63,108741473,6012181000060,1756630079916260
2023-05-22,333.9,337.05,332.87,335.66,111137782,5561375092177,1769855905326645
2023-05-23,336.71,337.93,335.77,336.48,88884243,4998626833126,1777239837395640
2023-05-24,334.75,336.71,334.48,335.88,95146291,4643421209115,1776730682423875
2023-05-25,337.11,337.59,334.38,334.74,94201019,5576695076533,1768145267745165
2023-05-26,336.27,337.45,335.29,336.5,106705040,5943225774842,1773059903650255
2023-05-30,339.92,341.12,339.13,340.88,130052607,8211718592331,1791400573467905
2023-05-31,340.93,341.87,338.46,338.51,191231879,11285745206526,1784828901721595
2023-06-01,337.75,339.0,336.69,337.47,96806263,5825987981250,1777813689235770
2023-06-02,339.95,342.06,339.51,342.05,97314317,6287544257730,1801108544466775
2023-06-05,344.27,344.33,342.47,343.29,117539485,5859589381017,1810544292952920
2023-06-07,344.14,345.0,342.43,342.6,115841143,6698467134916,1810240450539980
2023-06-08,341.54,342.13,339.86,342.13,155259133,8223937557279,1806237612843395
2023-06-09,343.66,346.73,342.73,346.16,139698171,7684517501450,1830032102669185
2023-06-12,346.91,347.54,343.08,343.94,115930437,5698323932948,1820594946451075
2023-06-13,346.29,346.83,344.78,345.77,119445575,6632964983138,1829267523655540
2023-06-14,345.86,346.25,343.07,344.03,124557596,7736321734067,1816731223006180
2023-06-15,345.31,345.95,342.1,342.57,117106186,6745843526669,1808343352302765
2023-06-16,344.46,344.7,342.52,344.54,153589066,7736292797120,1818934089556390
2023-06-19,343.74,343.9,341.36,342.51,120263306,6963633810111,1805565319074875
2023-06-20,341.36,342.4,340.55,341.96,157399274,7244523542477,1802426760584690
2023-06-21,340.86,341.39,338.36,338.83,126950283,6913816014726,1788039469073235
2023-06-22,337.91,340.94,337.91,340.5,103389274,5779890833345,1797032810462040
2023-06-23,341.33,341.59,337.6,337.84,100435756,5393043115293,1780222319402325
2023-06-26,337.76,340.16,337.02,339.76,101453098,5651363704054,1789505661797920
2023-06-27,339.81,339.81,338.04,339.71,97622170,5697821686579,1788370294476850
2023-06-28,340.77,340.8,336.99,337.79,96687412,5864582112230,1774817268801590
2023-06-29,337.85,339.72,335.78,335.78,105438937,5646767759736,1765380332303235
2023-06-30,336.95,338.36,334.44,337.34,103950018,5508923161611,1774836886599590
2023-07-03,339.64,342.88,339.46,342.46,98769880,5786890864026,1802422081040550
2023-07-04,342.92,343.26,340.8,340.97,103848869,5886726348275,1794752988722895
2023-07-05,340.86,342.19,338.35,338.42,130507262,7033000756311,1783860569076920
2023-07-06,337.58,338.26,334.95,335.6,146366854,7314513770662,1768949492537290
2023-07-07,334.19,334.19,329.74,330.97,134887011,7478770217695,1747185302641165
2023-07-10,331.22,333.0,329.79,330.24,116841484,6691187382928,1742729157984580
2023-07-11,332.87,336.41,332.32,336.41,147277345,7596424812740,1772580616932000
2023-07-12,336.21,338.85,335.54,338.85,185295511,9373928603665,1780856197758110
2023-07-13,340.98,342.37,340.48,340.51,154057328,9011170315725,1791787862182200
2023-07-14,342.87,346.3,342.28,346.3,155034900,8932215852366,1818594678329370
2023-07-17,344.76,346.35,344.14,345.12,150885641,8057203233780,1811082540210460
2023-07-18,345.86,346.36,342.28,342.76,131142906,8781574650658,1803734771682240
2023-07-19,344.98,345.06,341.17,342.49,123777034,7905984625450,1805854594062160
2023-07-20,340.75,342.66,340.01,341.06,116380034,6938620125279,1798692633941075
2023-07-21,338.58,341.77,336.84,341.77,130846247,9892909860168,1806392023594475
2023-07-24,341.36,345.25,340.06,343.7,151453723,14838459929182,1822435036353170
2023-07-25,345.15,345.65,342.33,344.3,200892226,15078062906126,1829116038118645
2023-07-26,344.55,344.69,338.97,339.94,296536749,30537102402046,1803219472657460
2023-07-27,341.02,344.87,340.01,344.14,238862076,20393084993630,1810588417479670
2023-07-28,342.93,343.7,340.69,343.41,197315869,13896925764031,1810780672364745
2023-07-31,345.87,346.48,344.11,345.0,168147750,12853488882170,1825698537567265
2023-08-01,346.72,350.6,345.93,350.37,171252619,12746206416721,1851393335293465
2023-08-02,348.47,349.11,342.63,343.18,173994097,11758446996647,1814467196970325
2023-08-03,344.18,344.43,339.49,340.92,169190939,10148538837763,1805658055617460
2023-08-04,340.98,342.09,340.01,340.63,118843923,7770010333908,1804094879141900
2023-08-07,338.99,342.56,338.99,339.06,117858472,9069975205636,1788109988513460
2023-08-08,341.5,341.86,336.65,337.34,127774416,8629258839464,1783727281690130
2023-08-09,338.38,341.74,337.84,340.99,115524453,7886430699758,1806676446008160
2023-08-10,339.07,339.85,338.48,339.85,164733982,8882537660388,1803796461185540
2023-08-11,341.26,342.4,338.24,338.36,128907642,7520582870783,1794972207973510
2023-08-14,337.97,338.89,334.67,335.72,125087415,7013971873774,1780307587814060
2023-08-16,333.08,333.56,329.95,330.68,126659888,7665362552865,1748984340543925
2023-08-17,329.03,329.81,325.15,329.63,117989700,7284433463595,1745909593007560
2023-08-18,326.31,330.05,325.68,327.83,119156122,6558915050646,1733429761794400
2023-08-21,328.85,330.48,327.72,328.25,100072004,5306601152966,1735532241797550
2023-08-22,331.05,331.93,328.12,329.11,93980650,5506519286028,1741227337243770
2023-08-23,328.35,329.62,327.27,328.55,87579120,4908114626772,1733928616314735
2023-08-24,332.53,333.44,331.57,333.21,105020379,7005814431759,1757727511179625
2023-08-25,328.72,330.8,328.11,329.66,82419945,5183029254340,1744505752491610
2023-08-28,331.5,332.07,330.27,331.92,95135763,5316398471426,1760722766932675
2023-08-29,332.97,333.81,332.1,333.15,88518037,5374375286648,1766316168834965
2023-08-30,336.5,337.08,334.33,334.33,89254989,5261255262994,1771698698507585
2023-08-31,334.78,335.45,332.78,334.14,146249137,8353483521588,1767270012625285
2023-09-01,333.5,338.31,333.47,337.67,119773878,7125172143762,1774330080051850
2023-09-04,338.48,340.4,336.99,340.4,96694641,6508906900027,1790620958840645
2023-09-05,339.53,340.82,338.64,339.67,82753176,5134979321517,1788637891077700
2023-09-06,339.05,339.87,336.75,337.24,91705977,5420049337915,1774873568250275
2023-09-07,336.32,337.4,334.5,336.13,88385491,5855712918059,1764817364072585
2023-09-08,335.68,336.05,333.34,335.79,79833140,5163660415254,1763539874881915
2023-09-11,335.91,336.99,334.72,336.97,112564980,6057231547309,1769506540106345
2023-09-12,337.9,338.19,334.67,334.93,94675658,6577900088134,1756291034820950
2023-09-13,335.22,337.0,334.06,335.39,106778784,6586599668500,1756315967559405
2023-09-14,336.73,340.58,336.03,340.58,121376523,7339688488106,1784239879648865
2023-09-15,340.94,345.66,340.43,344.36,159760232,8612804348490,1803979809399835
2023-09-18,342.36,343.77,339.89,340.05,100511732,5807078215556,1784138825083390
2023-09-19,340.89,341.55,337.6,338.2,96050928,5150652127590,1772814855562025
2023-09-20,337.93,339.24,336.96,338.13,104345680,4864915053576,1773557988677390
2023-09-21,336.12,336.93,332.43,332.44,96328690,5422533075112,1742402448037090
2023-09-22,329.3,331.99,328.54,331.42,87027919,4845963814606,1736745631490060
2023-09-25,330.8,332.03,329.5,330.98,84400081,5404392110690,1729963226685920
2023-09-26,330.91,330.96,326.04,326.31,90024892,5104543774073,1706943807101900
2023-09-27,324.46,326.9,324.23,326.12,81602937,5135895539248,1706367989198055
2023-10-04,322.03,322.03,318.3,318.87,149154628,8398230837067,1665853464551060
2023-10-05,320.88,321.08,317.88,318.01,104522580,6140532333166,1666133803402280
2023-10-06,318.69,320.09,317.88,318.36,87538952,4785510675912,1668443571960735
2023-10-10,322.38,324.27,318.5,318.53,128817089,7413755024883,1666929431923165
2023-10-11,323.37,326.66,323.37,324.15,119111539,7187299149114,1700321783745980
2023-10-12,326.3,328.26,326.3,328.26,108819519,6630382353248,1719892205644955
2023-10-13,325.52,326.73,324.84,325.18,91775351,4452713202190,1703149231763395
2023-10-16,323.51,325.41,320.74,322.71,93097005,4933431874610,1689161203760030
2023-10-17,325.11,327.65,324.45,326.76,88460757,5216247436535,1706205723964525
2023-10-18,325.73,328.43,325.54,328.22,134130424,5961951549793,1708940247235450
2023-10-19,324.16,324.49,321.82,322.18,115713978,6112651802226,1677139688247490
2023-10-20,318.87,319.6,315.73,317.38,112714314,6689660107857,1649198246075280
2023-10-23,316.85,317.72,314.53,314.93,89162326,4886900168746,1637491058487765
2023-10-24,316.77,317.99,311.21,317.86,93256078,5696794937037,1654982984217825
2023-10-25,318.68,319.01,315.74,315.92,91218212,5990647874872,1638326343330425
2023-10-26,310.8,311.79,307.2,307.2,110774427,7147843599760,1594021634219925
2023-10-27,309.12,309.85,306.69,307.97,92934386,5978754499550,1597031432203450
2023-10-30,306.46,309.49,306.43,308.4,95847666,4917393348916,1601800798334580
2023-10-31,309.93,311.0,304.6,305.01,121721241,6285058452388,1580134815560475
2023-11-01,307.0,309.85,306.77,309.15,88982229,5182958507551,1596795801119885
2023-11-02,314.02,315.93,313.56,314.59,112376415,6154686682044,1625900638672675
2023-11-03,317.39,318.18,315.94,317.66,89968188,5611098595301,1643280720046225
2023-11-06,322.04,333.56,320.99,333.56,174432379,12972622309167,1742566709730300
2023-11-07,330.1,330.1,323.3,326.7,119879230,9766986904728,1699073948424850
2023-11-08,328.84,329.82,322.79,323.41,89899157,5886707984500,1682834543847630
2023-11-09,323.79,326.27,322.73,324.71,93287967,5769302845070,1686803900728730
2023-11-10,322.2,323.59,320.73,323.16,65663861,4034318305947,1677160478967760
2023-11-13,326.19,326.98,322.07,322.72,68729674,3980031192808,1675253396603580
2023-11-14,325.53,327.2,325.21,325.98,75471066,4611334371673,1695454378796545
2023-11-15,332.55,333.37,330.4,333.35,117057060,6891976866999,1733735524567185
2023-11-16,332.92,334.3,331.56,333.71,80857258,4697910480847,1733223200134100
2023-11-17,332.31,333.08,330.58,331.46,72719817,4237131006711,1719607953734730
2023-11-20,330.7,334.95,330.48,333.62,73758382,4003909793246,1732971410544320
2023-11-21,335.52,337.14,335.04,335.96,80861020,4346523674039,1745367317389910
2023-11-22,333.47,336.94,332.85,336.2,72501098,3758337254399,1745779647441390
2023-11-23,336.85,337.4,335.18,336.3,72835159,3646103199544,1748416282493460
2023-11-24,336.65,337.27,333.4,333.4,73066193,3662765410867,1732992412340200
2023-11-27,333.82,335.43,332.0,333.06,72979263,3818829148039,1730441822159830
2023-11-28,334.54,337.04,333.93,336.91,97438609,4918947657813,1751473204686690
2023-11-29,336.03,336.49,333.74,336.01,88757604,4959227147931,1749935785800540
2023-11-30,335.0,337.82,334.29,337.82,169523748,7868479918041,1759894899439460
2023-12-01,336.11,336.11,333.8,334.2,95304378,5228456456826,1737622430612080
2023-12-04,336.59,337.15,335.03,335.53,90945516,5692954092276,1746110057235500
2023-12-05,334.6,334.67,332.02,332.25,93825597,5277934010235,1731945777659120
2023-12-06,333.69,334.86,332.84,332.84,86198053,4679217791546,1732655473387370
2023-12-07,332.35,333.35,330.82,332.07,85653911,4849770366357,1730469213943010
2023-12-08,334.73,336.64,334.31,335.99,72001115,4722429280500,1748573281488560
2023-12-11,337.07,337.59,335.18,337.32,80191377,5131825837809,1753629819079700
2023-12-12,338.8,340.01,338.2,339.15,96194555,5623851879163,1761582792050060
2023-12-13,338.48,338.84,335.95,336.07,74854643,4780374531001,1743241837004970
2023-12-14,341.36,342.04,338.8,340.72,156813582,9839119471287,1768331654002130
2023-12-15,342.79,345.07,342.32,343.39,144476524,9998848958325,1799544227116400
2023-12-18,343.76,343.91,341.64,342.92,126758084,7351677821715,1799971432473880
2023-12-19,342.59,343.53,341.58,343.34,165174688,6080932996576,1801056324793580
2023-12-20,346.05,349.76,345.64,349.49,213300194,8087382773616,1833383298742830
2023-12-21,347.61,349.13,346.07,348.13,128068827,6226364972164,1823005313951520
2023-12-22,351.01,351.64,348.45,348.45,114793346,5818011402439,1823073241730340
2023-12-26,349.88,350.44,348.31,349.71,109353368,5670001904763,1826855962868420
2023-12-27,349.3,351.67,348.19,351.67,129881518,7877754659693,1835622945277050
2023-12-28,351.97,357.23,351.25,357.23,108348110,7011015334208,1865396196690940
